customer_id,signup_date
1,2023-01-02
2,2023-08-06
3,2023-04-28
4,2023-05-10
5,2023-09-07
6,2023-05-20
7,2022-12-06
8,2023-07-10
9,2022-12-07
10,2023-10-30
11,2023-12-10
12,2023-10-27
13,2023-05-11
14,2023-05-11
15,2023-07-19
16,2023-11-01
17,2023-09-24
18,2023-06-03
19,2023-10-17
20,2023-05-13
21,2023-09-30
22,2023-03-04
23,2023-05-27
24,2023-10-24
25,2023-03-05
26,2023-08-02
27,2023-03-19
28,2023-05-18
29,2023-04-05
30,2023-08-18
31,2023-09-25
32,2023-11-06
33,2023-04-18
34,2023-02-14
35,2023-12-04
36,2023-05-02
37,2023-08-14
38,2023-04-28
39,2023-10-26
40,2022-12-27
41,2022-12-12
42,2023-04-09
43,2023-05-11
44,2023-09-27
45,2023-06-03
46,2023-03-08
47,2022-12-27
48,2023-10-17
49,2023-06-18
50,2023-12-14
51,2023-04-08
52,2023-02-24
53,2023-03-15
54,2023-05-09
55,2023-01-22
56,2023-01-18
57,2023-10-10
58,2023-08-30
59,2023-06-15
60,2023-06-07
61,2023-06-13
62,2023-07-20
63,2023-03-21
64,2023-10-04
65,2022-11-30
66,2023-10-03
67,2023-10-10
68,2023-06-21
69,2023-03-25
70,2023-11-14
71,2023-10-20
72,2023-12-04
73,2022-12-03
74,2023-08-06
75,2022-11-29
76,2022-12-12
77,2022-12-21
78,2023-10-03
79,2023-09-13
80,2023-11-18
81,2023-08-07
82,2023-07-07
83,2023-02-07
84,2023-09-03
85,2023-11-26
86,2023-04-18
87,2023-09-01
88,2023-06-15
89,2023-06-23
90,2023-10-12
91,2023-03-23
92,2023-11-12
93,2023-12-26
94,2023-01-12
95,2023-06-19
96,2022-12-03
97,2023-04-11
98,2023-04-25
99,2023-08-19
100,2023-05-02
101,2023-04-20
102,2023-10-02
103,2023-09-26
104,2022-11-30
105,2023-04-10
106,2023-09-28
107,2023-01-07
108,2023-06-29
109,2023-06-11
110,2023-09-02
111,2023-08-24
112,2023-06-18
113,2023-05-11
114,2023-10-09
115,2023-04-28
116,2023-05-20
117,2023-05-13
118,2023-04-14
119,2023-08-05
120,2023-08-08
121,2023-11-21
122,2023-05-23
123,2023-09-27
124,2023-03-28
125,2023-12-17
126,2023-11-27
127,2023-07-21
128,2023-09-12
129,2023-07-16
130,2023-02-13
131,2023-12-08
132,2023-09-19
133,2023-05-13
134,2023-03-07
135,2023-08-21
136,2023-05-18
137,2023-10-24
138,2023-02-21
139,2023-06-23
140,2023-01-11
141,2023-09-08
142,2023-05-05
143,2023-02-12
144,2023-07-07
145,2023-07-13
146,2023-03-27
147,2023-12-07
148,2022-12-27
149,2023-04-09
150,2023-03-06
151,2023-12-02
152,2023-03-05
153,2023-02-23
154,2023-07-21
155,2023-03-11
156,2023-03-19
157,2023-03-05
158,2023-06-28
159,2023-09-22
160,2023-06-03
161,2023-11-17
162,2023-03-13
163,2023-10-30
164,2023-09-19
165,2022-12-26
166,2023-08-21
167,2023-12-29
168,2023-08-26
169,2023-03-10
170,2023-05-19
171,2023-11-09
172,2023-04-02
173,2023-06-05
174,2023-07-21
175,2023-10-24
176,2023-12-15
177,2023-09-04
178,2023-05-19
179,2023-05-10
180,2023-08-20
181,2022-12-26
182,2023-05-22
183,2023-04-18
184,2023-12-05
185,2023-11-04
186,2023-03-12
187,2023-08-16
188,2023-05-29
189,2023-10-25
190,2023-06-12
191,2023-08-10
192,2023-09-14
193,2023-10-22
194,2023-09-11
195,2023-03-25
196,2023-09-18
197,2023-04-02
198,2023-09-16
199,2023-12-11
200,2023-06-02
201,2023-11-18
202,2023-01-28
203,2023-05-16
204,2023-11-10
205,2023-09-15
206,2023-04-05
207,2023-06-15
208,2023-01-10
209,2023-10-19
210,2023-01-17
211,2023-07-10
212,2023-06-12
213,2023-08-01
214,2023-05-16
215,2022-12-31
216,2023-08-19
217,2023-11-19
218,2023-07-29
219,2022-12-14
220,2023-01-08
221,2023-03-16
222,2023-03-25
223,2023-01-15
224,2023-11-20
225,2023-09-17
226,2023-09-29
227,2023-12-17
228,2023-11-10
229,2023-02-03
230,2022-12-05
231,2023-09-14
232,2023-11-26
233,2023-09-03
234,2023-11-06
235,2023-07-28
236,2023-05-26
237,2023-01-18
238,2023-08-23
239,2023-03-23
240,2023-03-15
241,2023-11-12
242,2023-08-17
243,2023-05-23
244,2023-10-12
245,2023-09-16
246,2023-06-08
247,2023-12-23
248,2022-12-08
249,2023-06-12
250,2023-05-12
251,2023-01-14
252,2023-09-12
253,2023-01-06
254,2023-09-04
255,2023-09-24
256,2023-06-09
257,2023-03-04
258,2023-12-26
259,2023-09-05
260,2023-01-12
261,2023-09-17
262,2023-01-29
263,2023-08-03
264,2023-03-10
265,2023-08-07
266,2023-10-14
267,2023-10-06
268,2023-09-28
269,2023-09-05
270,2023-10-02
271,2023-11-22
272,2023-11-13
273,2023-10-01
274,2023-05-23
275,2023-03-24
276,2023-04-03
277,2023-07-30
278,2023-07-25
279,2023-05-16
280,2023-05-09
281,2023-09-13
282,2023-06-24
283,2022-12-04
284,2023-01-22
285,2023-04-08
286,2023-05-04
287,2023-09-16
288,2023-06-04
289,2023-05-16
290,2022-12-31
291,2022-12-21
292,2023-12-29
293,2023-11-06
294,2022-12-12
295,2023-05-27
296,2023-11-29
297,2023-09-07
298,2022-12-29
299,2023-05-17
300,2023-11-05
301,2023-03-26
302,2023-07-04
303,2023-04-05
304,2023-02-13
305,2023-11-05
306,2023-02-27
307,2023-07-18
308,2023-04-16
309,2023-07-30
310,2023-10-10
311,2023-07-06
312,2023-01-24
313,2023-03-21
314,2023-03-03
315,2023-08-29
316,2023-08-31
317,2023-01-23
318,2023-07-30
319,2023-05-31
320,2023-05-14
321,2023-11-05
322,2022-12-21
323,2023-09-13
324,2023-07-08
325,2023-03-10
326,2023-02-26
327,2023-01-31
328,2023-07-29
329,2023-08-16
330,2023-03-16
331,2023-04-28
332,2023-12-24
333,2023-09-05
334,2023-07-21
335,2023-01-13
336,2023-07-13
337,2023-05-03
338,2023-10-27
339,2023-02-11
340,2023-12-29
341,2023-12-08
342,2023-10-04
343,2023-06-15
344,2023-07-22
345,2023-11-24
346,2023-11-07
347,2023-10-16
348,2023-02-07
349,2023-05-09
350,2023-09-28
351,2023-01-15
352,2023-08-25
353,2023-04-19
354,2023-07-10
355,2023-11-29
356,2023-11-08
357,2023-04-23
358,2023-09-06
359,2022-12-01
360,2023-09-09
361,2023-01-21
362,2023-11-25
363,2023-03-26
364,2023-09-02
365,2023-08-20
366,2023-03-09
367,2023-10-28
368,2023-02-08
369,2023-11-22
370,2023-06-20
371,2023-06-01
372,2023-02-28
373,2022-11-30
374,2023-09-02
375,2023-09-15
376,2023-10-30
377,2023-12-17
378,2023-03-23
379,2023-07-11
380,2023-11-27
381,2023-07-11
382,2023-09-21
383,2023-09-08
384,2023-12-27
385,2023-04-12
386,2023-02-14
387,2023-11-28
388,2023-05-30
389,2023-02-12
390,2023-08-10
391,2023-11-02
392,2023-09-28
393,2023-04-10
394,2023-11-26
395,2022-12-13
396,2023-11-18
397,2023-02-08
398,2023-03-01
399,2023-04-01
400,2023-05-14
401,2022-12-16
402,2023-09-10
403,2023-01-18
404,2023-01-18
405,2022-11-28
406,2023-12-15
407,2022-12-16
408,2023-09-21
409,2023-08-07
410,2023-10-24
411,2023-05-26
412,2023-11-24
413,2023-06-03
414,2023-02-06
415,2023-11-22
416,2023-05-14
417,2022-11-29
418,2023-08-14
419,2023-04-04
420,2023-10-21
421,2023-01-27
422,2023-09-18
423,2023-10-25
424,2023-01-14
425,2023-07-18
426,2023-08-12
427,2023-11-30
428,2023-03-24
429,2023-06-09
430,2023-05-08
431,2023-04-25
432,2023-12-29
433,2023-08-16
434,2023-01-28
435,2023-11-07
436,2023-01-07
437,2023-11-12
438,2023-05-09
439,2023-08-24
440,2023-11-07
441,2023-11-10
442,2023-01-30
443,2023-05-08
444,2022-12-28
445,2023-08-11
446,2023-05-13
447,2023-12-31
448,2023-08-06
449,2023-05-21
450,2023-01-27
451,2023-03-21
452,2023-10-14
453,2023-01-23
454,2023-10-31
455,2023-07-25
456,2023-06-24
457,2023-06-05
458,2022-12-09
459,2023-02-25
460,2023-06-21
461,2023-06-09
462,2023-02-20
463,2023-10-14
464,2023-05-24
465,2023-05-01
466,2023-09-26
467,2023-01-25
468,2022-12-18
469,2023-04-05
470,2022-11-27
471,2023-04-24
472,2023-01-19
473,2023-08-17
474,2022-12-15
475,2023-02-17
476,2023-03-11
477,2023-07-23
478,2023-05-07
479,2023-09-30
480,2023-10-04
481,2023-04-30
482,2022-12-09
483,2023-12-16
484,2023-04-16
485,2023-06-30
486,2023-12-03
487,2023-08-14
488,2023-07-15
489,2023-04-11
490,2023-10-23
491,2023-02-12
492,2023-06-08
493,2023-04-15
494,2023-01-04
495,2023-03-17
496,2023-02-09
497,2023-01-02
498,2023-09-26
499,2023-09-07
500,2023-11-07
501,2022-12-09
502,2023-06-02
503,2023-08-18
504,2023-06-11
505,2022-12-07
506,2023-05-26
507,2023-01-15
508,2022-12-04
509,2023-09-15
510,2023-01-04
511,2023-03-26
512,2023-12-28
513,2023-12-11
514,2022-12-13
515,2023-05-06
516,2023-04-15
517,2023-08-02
518,2023-08-30
519,2022-12-27
520,2023-05-15
521,2023-03-18
522,2023-12-25
523,2023-03-23
524,2022-12-10
525,2023-08-03
526,2023-11-11
527,2023-10-21
528,2023-01-19
529,2023-09-20
530,2023-02-16
531,2023-01-23
532,2023-06-26
533,2023-10-15
534,2023-11-10
535,2023-08-01
536,2023-05-11
537,2023-07-19
538,2023-03-24
539,2023-01-20
540,2023-05-06
541,2023-02-02
542,2023-01-03
543,2023-09-21
544,2023-10-28
545,2023-09-22
546,2023-11-28
547,2023-06-08
548,2023-08-24
549,2023-02-16
550,2023-05-23
551,2023-01-06
552,2023-07-30
553,2023-05-20
554,2023-07-05
555,2023-11-03
556,2022-12-17
557,2023-05-24
558,2023-05-03
559,2023-09-19
560,2023-08-16
561,2023-09-11
562,2023-11-01
563,2023-03-26
564,2023-04-19
565,2023-04-14
566,2023-10-20
567,2023-05-31
568,2023-09-25
569,2023-03-05
570,2023-12-03
571,2023-06-08
572,2023-12-27
573,2023-05-24
574,2022-12-13
575,2023-03-12
576,2023-05-20
577,2023-01-19
578,2023-10-02
579,2023-04-15
580,2023-10-22
581,2023-12-17
582,2022-12-30
583,2023-03-18
584,2023-07-27
585,2023-11-08
586,2023-11-21
587,2023-02-12
588,2023-02-25
589,2023-02-14
590,2023-04-14
591,2023-07-29
592,2023-05-03
593,2023-09-13
594,2023-05-03
595,2023-07-20
596,2023-07-09
597,2023-03-08
598,2022-12-21
599,2023-02-23
600,2023-10-04
601,2023-09-21
602,2023-01-15
603,2023-04-29
604,2023-10-18
605,2023-10-15
606,2022-12-03
607,2023-10-07
608,2023-10-07
609,2023-01-12
610,2023-04-18
611,2022-12-18
612,2023-08-16
613,2023-11-06
614,2023-02-06
615,2023-04-16
616,2023-06-29
617,2022-12-25
618,2023-03-26
619,2023-02-21
620,2022-11-28
621,2023-08-21
622,2023-09-13
623,2022-12-29
624,2023-01-18
625,2022-12-25
626,2023-12-07
627,2023-07-12
628,2023-07-02
629,2022-12-31
630,2022-11-27
631,2023-12-03
632,2023-12-09
633,2023-07-02
634,2023-01-19
635,2022-12-08
636,2023-10-26
637,2023-06-26
638,2023-04-07
639,2022-12-01
640,2023-07-12
641,2023-11-13
642,2023-10-27
643,2023-09-15
644,2022-12-17
645,2023-09-25
646,2023-08-26
647,2023-10-28
648,2023-01-25
649,2023-11-06
650,2023-09-09
651,2023-09-28
652,2023-01-30
653,2023-11-04
654,2022-12-05
655,2023-02-24
656,2023-01-28
657,2023-02-27
658,2023-08-04
659,2023-12-02
660,2023-12-26
661,2023-01-09
662,2023-12-20
663,2023-01-09
664,2023-09-21
665,2023-02-08
666,2023-10-22
667,2023-04-15
668,2023-11-11
669,2023-07-01
670,2023-06-26
671,2023-05-22
672,2023-02-26
673,2023-06-21
674,2023-08-18
675,2023-01-22
676,2023-01-22
677,2023-05-16
678,2023-10-25
679,2023-04-17
680,2023-05-10
681,2023-12-15
682,2023-03-13
683,2023-04-22
684,2023-10-30
685,2023-06-22
686,2023-01-10
687,2023-02-20
688,2023-12-21
689,2023-10-17
690,2023-12-12
691,2023-06-07
692,2023-07-28
693,2023-01-21
694,2023-09-07
695,2023-07-12
696,2022-12-11
697,2023-10-31
698,2023-05-20
699,2023-12-29
700,2023-11-15
701,2023-05-14
702,2022-12-01
703,2023-01-24
704,2023-03-23
705,2023-03-26
706,2023-04-17
707,2023-12-14
708,2023-08-24
709,2023-02-11
710,2023-09-04
711,2022-12-19
712,2022-12-23
713,2023-08-11
714,2023-02-22
715,2023-05-20
716,2023-10-23
717,2023-05-01
718,2023-02-11
719,2023-12-31
720,2023-03-21
721,2023-08-17
722,2023-01-30
723,2023-01-30
724,2023-09-24
725,2023-11-21
726,2022-12-07
727,2023-12-22
728,2023-03-27
729,2023-12-26
730,2023-06-27
731,2023-09-29
732,2022-11-29
733,2023-01-29
734,2023-12-13
735,2023-01-31
736,2023-11-09
737,2023-01-13
738,2023-08-12
739,2023-04-24
740,2023-05-21
741,2023-09-07
742,2023-01-28
743,2023-04-13
744,2023-07-06
745,2023-04-20
746,2023-03-02
747,2022-12-14
748,2023-08-09
749,2022-12-21
750,2023-01-24
751,2023-03-02
752,2023-09-09
753,2023-01-14
754,2023-04-05
755,2022-12-26
756,2023-06-15
757,2023-02-07
758,2023-01-30
759,2023-04-04
760,2023-03-09
761,2022-12-16
762,2023-05-26
763,2023-06-16
764,2023-05-29
765,2023-05-22
766,2023-12-31
767,2023-03-16
768,2023-04-10
769,2023-06-19
770,2022-12-30
771,2023-12-27
772,2023-06-24
773,2023-09-01
774,2023-04-04
775,2023-08-30
776,2023-11-13
777,2023-07-16
778,2023-02-19
779,2023-08-27
780,2023-11-04
781,2023-08-31
782,2023-08-19
783,2023-05-31
784,2023-02-10
785,2023-09-10
786,2023-05-08
787,2023-02-27
788,2023-06-11
789,2022-12-05
790,2023-06-23
791,2023-07-03
792,2023-05-04
793,2023-09-04
794,2023-07-18
795,2023-04-22
796,2023-09-09
797,2023-01-12
798,2023-06-17
799,2023-01-22
800,2023-07-25
801,2022-12-04
802,2023-11-05
803,2022-12-09
804,2023-06-14
805,2023-08-20
806,2023-05-12
807,2023-02-21
808,2023-03-06
809,2023-10-30
810,2023-01-18
811,2023-09-07
812,2023-03-23
813,2022-12-01
814,2023-05-08
815,2023-01-03
816,2023-09-28
817,2023-09-30
818,2023-02-21
819,2023-10-02
820,2023-09-03
821,2023-08-24
822,2022-12-28
823,2023-01-17
824,2023-01-29
825,2023-10-20
826,2023-04-06
827,2023-06-26
828,2023-06-02
829,2023-12-31
830,2023-02-07
831,2023-10-04
832,2023-01-10
833,2023-12-23
834,2023-07-11
835,2023-03-12
836,2023-05-10
837,2023-09-14
838,2023-05-12
839,2022-12-24
840,2023-03-30
841,2023-11-28
842,2023-04-24
843,2023-06-11
844,2023-02-08
845,2022-12-07
846,2023-03-15
847,2023-11-09
848,2023-07-01
849,2023-04-26
850,2023-06-23
851,2023-10-18
852,2023-11-24
853,2023-04-03
854,2023-10-26
855,2023-10-13
856,2022-11-29
857,2023-11-19
858,2023-02-26
859,2023-09-29
860,2023-11-17
861,2023-07-14
862,2023-04-01
863,2023-11-04
864,2023-06-06
865,2023-09-30
866,2023-08-23
867,2023-04-04
868,2023-07-02
869,2023-02-15
870,2022-11-28
871,2023-08-29
872,2023-02-17
873,2023-06-22
874,2023-01-06
875,2023-08-15
876,2023-02-02
877,2023-03-06
878,2023-01-24
879,2023-11-28
880,2023-08-03
881,2023-08-20
882,2023-05-08
883,2023-11-05
884,2022-12-23
885,2023-05-11
886,2022-12-29
887,2023-09-01
888,2023-12-12
889,2023-09-29
890,2023-01-27
891,2023-10-08
892,2023-03-08
893,2023-04-15
894,2023-07-14
895,2023-05-27
896,2023-02-09
897,2023-06-26
898,2023-02-14
899,2023-09-10
900,2022-12-26
901,2023-10-17
902,2023-12-24
903,2023-09-21
904,2023-07-27
905,2023-05-22
906,2023-06-26
907,2023-06-19
908,2023-11-17
909,2023-01-17
910,2023-07-22
911,2023-07-04
912,2023-03-12
913,2023-05-11
914,2023-06-03
915,2022-12-10
916,2023-06-06
917,2023-02-03
918,2023-05-05
919,2023-03-18
920,2023-09-24
921,2023-12-16
922,2023-01-09
923,2023-03-09
924,2023-01-29
925,2023-06-08
926,2023-04-24
927,2023-05-28
928,2022-12-25
929,2023-11-10
930,2023-12-26
931,2023-11-26
932,2023-06-13
933,2023-08-20
934,2022-12-17
935,2023-07-29
936,2023-07-28
937,2023-09-16
938,2023-10-05
939,2022-11-27
940,2023-05-09
941,2023-06-09
942,2023-06-07
943,2023-07-04
944,2023-09-03
945,2023-07-19
946,2023-02-28
947,2023-08-19
948,2023-07-24
949,2023-02-14
950,2023-08-06
951,2023-06-23
952,2023-10-14
953,2023-05-02
954,2023-11-18
955,2023-06-29
956,2023-12-08
957,2023-01-06
958,2023-01-16
959,2023-02-22
960,2023-10-19
961,2023-06-17
962,2023-08-24
963,2022-12-04
964,2023-04-24
965,2023-04-17
966,2023-12-01
967,2023-01-07
968,2023-11-06
969,2023-04-23
970,2023-10-02
971,2023-03-23
972,2022-12-19
973,2023-08-25
974,2023-02-05
975,2023-01-25
976,2023-11-29
977,2023-02-25
978,2023-12-24
979,2023-04-15
980,2023-03-17
981,2023-05-27
982,2023-03-17
983,2023-12-02
984,2023-07-29
985,2023-09-20
986,2022-12-27
987,2023-03-02
988,2023-07-23
989,2023-06-09
990,2023-12-19
991,2023-09-12
992,2023-03-25
993,2023-05-27
994,2023-09-20
995,2023-05-09
996,2023-06-24
997,2023-10-12
998,2023-03-21
999,2023-01-05
1000,2023-05-10
1001,2023-02-22
1002,2023-07-05
1003,2023-11-03
1004,2023-09-27
1005,2023-09-14
1006,2023-07-01
1007,2023-11-17
1008,2023-12-02
1009,2023-09-26
1010,2023-01-12
1011,2023-03-26
1012,2023-12-15
1013,2022-12-26
1014,2023-07-05
1015,2023-08-09
1016,2023-05-02
1017,2023-09-04
1018,2022-12-27
1019,2023-02-22
1020,2023-03-25
1021,2023-02-03
1022,2023-05-21
1023,2023-06-02
1024,2023-12-06
1025,2023-06-09
1026,2023-09-25
1027,2023-01-01
1028,2022-12-20
1029,2023-05-03
1030,2023-04-07
1031,2023-12-01
1032,2023-06-11
1033,2023-06-09
1034,2023-11-02
1035,2023-11-08
1036,2023-10-03
1037,2023-05-21
1038,2023-02-21
1039,2022-12-11
1040,2022-12-17
1041,2023-10-19
1042,2023-01-18
1043,2023-05-11
1044,2023-06-16
1045,2023-07-07
1046,2023-01-01
1047,2023-06-24
1048,2023-03-06
1049,2023-04-12
1050,2023-10-21
1051,2023-05-30
1052,2023-05-06
1053,2022-12-03
1054,2023-12-30
1055,2023-07-22
1056,2023-09-25
1057,2023-05-19
1058,2023-03-12
1059,2023-03-16
1060,2022-11-30
1061,2023-11-17
1062,2023-06-25
1063,2023-04-17
1064,2023-09-05
1065,2023-01-17
1066,2023-06-02
1067,2023-05-20
1068,2023-11-24
1069,2023-10-12
1070,2023-09-30
1071,2023-03-10
1072,2023-06-23
1073,2023-12-24
1074,2022-12-04
1075,2023-08-14
1076,2023-04-11
1077,2023-09-19
1078,2023-06-12
1079,2023-09-03
1080,2023-03-07
1081,2023-11-14
1082,2023-10-28
1083,2023-08-09
1084,2023-05-15
1085,2023-01-26
1086,2023-02-16
1087,2023-05-05
1088,2023-10-04
1089,2023-12-10
1090,2023-07-28
1091,2023-12-07
1092,2023-02-13
1093,2023-09-20
1094,2023-06-28
1095,2023-01-22
1096,2023-08-31
1097,2023-11-23
1098,2023-05-25
1099,2023-03-09
1100,2023-03-27
1101,2023-07-25
1102,2023-08-29
1103,2023-02-21
1104,2023-08-28
1105,2023-09-21
1106,2022-12-03
1107,2023-04-29
1108,2023-02-28
1109,2023-10-10
1110,2023-08-12
1111,2023-06-28
1112,2023-02-24
1113,2023-06-07
1114,2023-12-17
1115,2023-12-29
1116,2023-01-31
1117,2023-06-08
1118,2023-09-22
1119,2023-03-26
1120,2023-12-31
1121,2023-06-01
1122,2023-04-14
1123,2023-12-08
1124,2023-07-26
1125,2022-12-21
1126,2023-01-08
1127,2023-12-24
1128,2023-08-02
1129,2023-11-09
1130,2023-12-27
1131,2023-09-20
1132,2023-12-21
1133,2023-12-13
1134,2023-05-10
1135,2023-08-09
1136,2023-10-21
1137,2023-12-11
1138,2023-10-23
1139,2023-10-15
1140,2023-04-06
1141,2023-05-17
1142,2023-10-22
1143,2023-01-16
1144,2023-01-30
1145,2023-10-08
1146,2023-12-23
1147,2023-05-13
1148,2023-11-07
1149,2023-04-18
1150,2023-06-19
1151,2023-12-21
1152,2023-04-30
1153,2023-11-15
1154,2023-12-10
1155,2023-09-18
1156,2022-12-25
1157,2023-12-16
1158,2023-06-14
1159,2023-03-22
1160,2023-06-09
1161,2023-05-22
1162,2023-04-28
1163,2023-08-25
1164,2023-01-11
1165,2023-08-07
1166,2023-03-07
1167,2023-10-09
1168,2023-12-25
1169,2023-06-04
1170,2023-10-16
1171,2023-04-04
1172,2023-10-28
1173,2023-06-28
1174,2023-06-18
1175,2023-01-06
1176,2023-08-18
1177,2023-10-09
1178,2023-06-17
1179,2023-01-29
1180,2023-08-24
1181,2023-08-04
1182,2023-11-07
1183,2023-12-14
1184,2023-03-04
1185,2023-03-23
1186,2023-12-12
1187,2023-01-13
1188,2023-11-27
1189,2023-01-27
1190,2023-05-13
1191,2023-01-21
1192,2023-12-22
1193,2023-06-15
1194,2023-11-15
1195,2022-12-09
1196,2022-12-13
1197,2023-06-27
1198,2022-12-13
1199,2023-07-02
1200,2023-09-05
1201,2023-06-10
1202,2023-10-06
1203,2023-01-06
1204,2023-03-06
1205,2023-01-30
1206,2023-06-14
1207,2023-05-04
1208,2023-06-30
1209,2023-01-27
1210,2023-05-24
1211,2023-09-29
1212,2022-12-24
1213,2023-10-07
1214,2023-02-22
1215,2023-11-09
1216,2023-10-18
1217,2023-05-24
1218,2022-12-26
1219,2023-04-30
1220,2023-08-02
1221,2023-04-11
1222,2023-08-07
1223,2023-10-22
1224,2023-12-14
1225,2023-05-05
1226,2023-12-26
1227,2023-03-06
1228,2023-12-10
1229,2023-01-23
1230,2023-07-01
1231,2023-08-23
1232,2022-12-13
1233,2023-05-23
1234,2023-03-17
1235,2023-10-19
1236,2023-06-05
1237,2023-01-07
1238,2022-12-12
1239,2022-12-06
1240,2022-12-11
1241,2023-06-08
1242,2023-04-05
1243,2023-02-18
1244,2023-04-30
1245,2023-05-20
1246,2023-07-17
1247,2023-06-14
1248,2023-12-05
1249,2023-04-25
1250,2023-05-02
1251,2023-05-10
1252,2022-12-16
1253,2023-09-22
1254,2023-07-01
1255,2023-05-05
1256,2023-04-19
1257,2023-06-22
1258,2023-11-22
1259,2023-05-05
1260,2023-05-18
1261,2023-01-19
1262,2023-04-04
1263,2023-09-22
1264,2023-09-12
1265,2023-10-15
1266,2023-06-12
1267,2023-11-22
1268,2023-07-07
1269,2023-01-18
1270,2023-01-26
1271,2023-06-13
1272,2023-04-26
1273,2023-01-08
1274,2022-12-15
1275,2023-08-01
1276,2023-09-24
1277,2023-02-23
1278,2023-03-05
1279,2023-06-28
1280,2023-01-14
1281,2023-10-28
1282,2023-07-20
1283,2023-04-20
1284,2023-07-16
1285,2023-01-31
1286,2023-04-02
1287,2023-06-27
1288,2023-12-16
1289,2023-10-30
1290,2023-08-08
1291,2023-04-10
1292,2023-12-02
1293,2023-01-17
1294,2023-03-27
1295,2023-05-17
1296,2023-07-05
1297,2023-08-23
1298,2023-05-11
1299,2023-12-09
1300,2023-05-11
1301,2023-08-05
1302,2022-12-16
1303,2023-01-28
1304,2023-02-22
1305,2022-11-27
1306,2023-11-09
1307,2023-08-03
1308,2023-11-01
1309,2023-04-09
1310,2023-01-08
1311,2023-04-07
1312,2022-12-04
1313,2023-03-28
1314,2023-01-06
1315,2023-02-20
1316,2023-08-09
1317,2023-12-16
1318,2023-03-02
1319,2023-12-25
1320,2023-09-28
1321,2023-01-14
1322,2022-11-29
1323,2023-01-11
1324,2023-09-09
1325,2023-08-22
1326,2023-11-16
1327,2023-06-25
1328,2022-12-14
1329,2023-12-31
1330,2023-11-08
1331,2023-09-09
1332,2023-11-29
1333,2023-03-18
1334,2023-06-29
1335,2023-06-27
1336,2023-03-20
1337,2023-12-30
1338,2023-07-10
1339,2023-11-29
1340,2023-03-31
1341,2023-06-13
1342,2023-12-05
1343,2023-02-06
1344,2023-07-02
1345,2023-10-11
1346,2023-10-12
1347,2023-09-23
1348,2023-07-28
1349,2022-11-29
1350,2023-03-22
1351,2023-10-11
1352,2023-06-15
1353,2023-04-19
1354,2023-11-13
1355,2023-04-13
1356,2023-04-29
1357,2023-05-07
1358,2023-04-12
1359,2023-06-17
1360,2023-12-14
1361,2023-12-30
1362,2023-04-09
1363,2023-04-23
1364,2023-11-05
1365,2023-07-15
1366,2023-02-06
1367,2023-07-04
1368,2023-10-09
1369,2023-05-07
1370,2023-07-31
1371,2023-10-02
1372,2023-01-14
1373,2023-12-21
1374,2022-12-22
1375,2023-01-11
1376,2023-03-26
1377,2022-12-04
1378,2023-08-16
1379,2023-06-25
1380,2023-04-20
1381,2023-12-26
1382,2023-03-15
1383,2023-11-13
1384,2023-07-17
1385,2023-08-31
1386,2023-12-13
1387,2023-03-08
1388,2023-01-14
1389,2023-10-10
1390,2023-08-11
1391,2023-02-13
1392,2023-11-26
1393,2023-09-10
1394,2023-07-01
1395,2023-01-18
1396,2023-12-17
1397,2023-06-25
1398,2023-07-24
1399,2022-12-07
1400,2023-08-23
1401,2023-10-27
1402,2023-10-09
1403,2023-04-26
1404,2023-02-14
1405,2023-05-23
1406,2023-07-09
1407,2023-03-14
1408,2023-07-30
1409,2023-12-01
1410,2023-01-14
1411,2023-03-05
1412,2023-05-28
1413,2023-02-04
1414,2023-10-01
1415,2022-12-21
1416,2022-12-13
1417,2023-04-17
1418,2023-05-11
1419,2023-09-05
1420,2023-01-24
1421,2023-10-06
1422,2023-02-05
1423,2023-12-11
1424,2023-06-20
1425,2023-09-29
1426,2022-12-08
1427,2023-09-09
1428,2023-05-15
1429,2023-06-15
1430,2022-12-07
1431,2023-08-02
1432,2023-12-02
1433,2023-12-30
1434,2023-11-15
1435,2023-09-10
1436,2023-02-19
1437,2023-04-23
1438,2022-12-23
1439,2023-02-24
1440,2023-03-07
1441,2023-08-20
1442,2022-12-08
1443,2023-12-03
1444,2023-09-16
1445,2023-08-22
1446,2023-07-14
1447,2023-03-08
1448,2023-07-02
1449,2023-08-09
1450,2023-11-02
1451,2023-08-27
1452,2023-10-16
1453,2023-05-28
1454,2023-05-09
1455,2023-10-05
1456,2023-07-29
1457,2023-05-03
1458,2023-05-22
1459,2023-07-07
1460,2023-08-03
1461,2023-04-20
1462,2023-01-26
1463,2023-11-21
1464,2023-03-27
1465,2023-01-30
1466,2023-03-07
1467,2023-11-09
1468,2023-02-01
1469,2023-09-01
1470,2023-05-11
1471,2023-07-27
1472,2023-09-13
1473,2023-02-23
1474,2023-05-04
1475,2023-10-09
1476,2023-12-25
1477,2023-11-03
1478,2023-03-27
1479,2023-03-01
1480,2023-12-11
1481,2023-08-28
1482,2023-02-12
1483,2023-08-12
1484,2023-04-04
1485,2023-01-28
1486,2023-01-31
1487,2023-04-27
1488,2023-03-02
1489,2023-10-07
1490,2023-01-28
1491,2023-02-09
1492,2023-08-03
1493,2023-05-19
1494,2023-02-15
1495,2022-12-24
1496,2022-12-31
1497,2023-03-23
1498,2023-03-13
1499,2023-07-17
1500,2023-08-25
1501,2023-02-01
1502,2023-05-17
1503,2023-06-01
1504,2023-01-28
1505,2023-06-10
1506,2022-12-22
1507,2023-03-31
1508,2023-09-14
1509,2023-03-04
1510,2023-09-04
1511,2023-01-08
1512,2023-05-30
1513,2023-11-22
1514,2023-06-26
1515,2023-10-19
1516,2023-03-03
1517,2023-02-09
1518,2023-06-09
1519,2023-03-06
1520,2023-09-14
1521,2023-04-16
1522,2023-10-01
1523,2022-12-11
1524,2023-04-12
1525,2023-03-04
1526,2023-08-25
1527,2023-02-17
1528,2023-06-09
1529,2023-04-20
1530,2023-09-18
1531,2023-04-23
1532,2023-08-30
1533,2023-01-01
1534,2023-09-23
1535,2023-08-09
1536,2023-01-31
1537,2023-01-09
1538,2023-04-04
1539,2023-12-27
1540,2023-03-12
1541,2023-06-04
1542,2023-05-24
1543,2023-03-24
1544,2023-05-31
1545,2023-02-05
1546,2023-08-20
1547,2023-01-29
1548,2023-07-12
1549,2023-04-03
1550,2023-07-16
1551,2023-07-04
1552,2023-08-07
1553,2023-07-27
1554,2023-03-16
1555,2023-07-20
1556,2023-02-25
1557,2023-05-01
1558,2023-02-21
1559,2023-06-28
1560,2023-10-04
1561,2023-07-27
1562,2023-01-04
1563,2022-12-27
1564,2023-04-02
1565,2023-07-20
1566,2023-03-19
1567,2023-12-30
1568,2023-07-21
1569,2023-11-19
1570,2023-12-01
1571,2023-01-04
1572,2023-11-13
1573,2022-12-17
1574,2023-01-08
1575,2023-07-01
1576,2023-07-01
1577,2023-08-13
1578,2022-12-11
1579,2023-01-09
1580,2023-10-09
1581,2023-07-21
1582,2023-04-25
1583,2023-02-07
1584,2023-02-20
1585,2023-03-29
1586,2023-06-08
1587,2023-10-18
1588,2023-05-20
1589,2023-05-20
1590,2023-12-09
1591,2023-01-03
1592,2022-12-10
1593,2023-12-29
1594,2023-12-11
1595,2023-05-07
1596,2023-02-28
1597,2023-01-15
1598,2023-01-24
1599,2023-11-18
1600,2023-09-19
1601,2023-10-30
1602,2023-06-24
1603,2023-08-17
1604,2023-11-20
1605,2023-04-19
1606,2023-07-02
1607,2023-03-22
1608,2023-06-17
1609,2023-02-19
1610,2023-02-17
1611,2023-04-18
1612,2023-12-11
1613,2023-03-15
1614,2023-08-19
1615,2023-07-13
1616,2023-07-25
1617,2023-01-18
1618,2023-10-09
1619,2023-10-06
1620,2023-01-06
1621,2023-05-03
1622,2023-11-08
1623,2023-03-01
1624,2023-06-15
1625,2023-10-23
1626,2023-10-13
1627,2023-04-30
1628,2023-09-08
1629,2023-12-04
1630,2023-05-26
1631,2023-12-21
1632,2023-09-30
1633,2023-08-13
1634,2023-09-11
1635,2023-02-09
1636,2022-11-28
1637,2023-10-23
1638,2023-09-06
1639,2023-12-07
1640,2023-06-18
1641,2023-04-30
1642,2023-10-28
1643,2023-12-08
1644,2023-10-16
1645,2023-10-23
1646,2023-02-03
1647,2023-11-09
1648,2022-12-05
1649,2023-09-25
1650,2023-02-13
1651,2022-12-13
1652,2023-09-19
1653,2023-04-11
1654,2023-11-10
1655,2023-03-20
1656,2023-09-03
1657,2023-08-11
1658,2023-10-21
1659,2023-11-06
1660,2023-07-19
1661,2023-04-14
1662,2023-06-17
1663,2023-07-25
1664,2023-12-20
1665,2023-02-03
1666,2022-12-29
1667,2023-05-31
1668,2023-05-14
1669,2023-11-22
1670,2023-03-18
1671,2023-01-25
1672,2023-01-14
1673,2023-11-19
1674,2023-07-27
1675,2023-12-22
1676,2023-03-12
1677,2022-12-29
1678,2023-05-31
1679,2023-02-04
1680,2023-01-20
1681,2023-11-15
1682,2023-05-01
1683,2022-12-25
1684,2023-02-15
1685,2023-04-22
1686,2023-11-20
1687,2023-08-09
1688,2023-06-23
1689,2023-07-18
1690,2023-10-12
1691,2023-02-12
1692,2023-06-09
1693,2023-04-30
1694,2022-12-13
1695,2023-07-05
1696,2023-08-31
1697,2023-08-20
1698,2022-12-16
1699,2023-05-03
1700,2023-05-04
1701,2023-01-28
1702,2023-07-03
1703,2023-06-27
1704,2023-10-04
1705,2023-09-28
1706,2023-11-21
1707,2023-05-15
1708,2023-02-16
1709,2023-07-01
1710,2023-08-19
1711,2023-04-09
1712,2023-06-03
1713,2023-11-29
1714,2023-09-30
1715,2023-07-28
1716,2023-12-07
1717,2022-12-02
1718,2023-06-28
1719,2023-03-13
1720,2023-03-21
1721,2023-10-06
1722,2023-10-12
1723,2023-06-09
1724,2023-06-25
1725,2023-07-24
1726,2023-11-14
1727,2022-12-05
1728,2023-07-11
1729,2022-12-24
1730,2023-12-06
1731,2023-03-02
1732,2022-12-04
1733,2023-10-16
1734,2023-09-18
1735,2023-11-22
1736,2023-04-14
1737,2023-03-17
1738,2023-08-21
1739,2023-12-10
1740,2023-12-08
1741,2023-05-05
1742,2023-08-15
1743,2023-10-23
1744,2023-09-20
1745,2023-07-25
1746,2023-01-29
1747,2023-08-06
1748,2023-02-03
1749,2023-05-26
1750,2023-07-14
1751,2022-12-07
1752,2023-05-18
1753,2023-04-01
1754,2023-01-10
1755,2023-08-12
1756,2023-09-14
1757,2023-11-19
1758,2023-09-02
1759,2023-02-08
1760,2023-01-02
1761,2023-10-21
1762,2022-12-16
1763,2023-04-28
1764,2023-04-27
1765,2023-02-07
1766,2023-08-07
1767,2023-10-01
1768,2023-11-19
1769,2023-06-02
1770,2023-05-19
1771,2023-02-16
1772,2022-12-30
1773,2023-10-29
1774,2023-10-29
1775,2023-12-24
1776,2023-01-15
1777,2023-05-14
1778,2023-08-08
1779,2023-11-14
1780,2023-05-11
1781,2023-01-21
1782,2023-11-25
1783,2022-12-30
1784,2023-09-04
1785,2023-04-22
1786,2022-11-27
1787,2023-06-25
1788,2023-04-25
1789,2023-05-20
1790,2023-02-07
1791,2023-08-23
1792,2023-03-20
1793,2023-01-26
1794,2023-05-05
1795,2023-02-10
1796,2023-07-01
1797,2023-06-27
1798,2023-10-12
1799,2023-12-23
1800,2022-12-31
1801,2022-12-11
1802,2023-05-22
1803,2022-12-23
1804,2023-11-02
1805,2023-10-16
1806,2023-05-18
1807,2023-12-16
1808,2023-06-22
1809,2023-07-03
1810,2023-10-04
1811,2023-07-05
1812,2023-09-08
1813,2023-03-02
1814,2023-06-18
1815,2023-10-17
1816,2023-12-18
1817,2023-02-11
1818,2022-12-11
1819,2023-07-22
1820,2022-12-18
1821,2023-08-27
1822,2023-05-16
1823,2023-10-13
1824,2023-01-29
1825,2022-12-15
1826,2023-02-21
1827,2022-12-22
1828,2023-01-26
1829,2023-09-26
1830,2023-08-30
1831,2023-08-02
1832,2023-05-14
1833,2023-02-24
1834,2023-10-26
1835,2023-11-12
1836,2023-03-07
1837,2023-11-20
1838,2023-08-03
1839,2023-04-14
1840,2023-02-20
1841,2023-07-21
1842,2022-12-02
1843,2023-04-02
1844,2023-08-29
1845,2023-06-13
1846,2023-01-24
1847,2023-01-29
1848,2023-08-31
1849,2023-10-27
1850,2023-08-30
1851,2023-01-28
1852,2023-08-21
1853,2023-03-17
1854,2023-07-21
1855,2023-07-21
1856,2023-11-15
1857,2023-10-23
1858,2022-12-27
1859,2022-11-27
1860,2023-12-04
1861,2023-03-29
1862,2022-12-23
1863,2023-02-11
1864,2023-06-13
1865,2023-11-17
1866,2023-12-01
1867,2023-08-16
1868,2023-03-14
1869,2023-09-07
1870,2023-10-28
1871,2023-05-10
1872,2023-07-22
1873,2023-06-10
1874,2023-11-06
1875,2023-07-29
1876,2022-12-16
1877,2023-11-10
1878,2023-07-07
1879,2023-05-18
1880,2023-02-10
1881,2023-09-02
1882,2022-12-04
1883,2023-02-04
1884,2023-08-29
1885,2023-03-15
1886,2023-09-22
1887,2023-03-11
1888,2023-09-17
1889,2023-08-25
1890,2023-09-13
1891,2023-09-16
1892,2023-10-12
1893,2023-04-23
1894,2023-06-02
1895,2022-12-25
1896,2023-04-15
1897,2023-05-29
1898,2023-10-01
1899,2023-11-23
1900,2023-08-20
1901,2023-01-17
1902,2023-02-15
1903,2023-06-28
1904,2023-05-20
1905,2023-12-04
1906,2023-02-07
1907,2023-07-13
1908,2023-10-04
1909,2023-05-21
1910,2023-03-05
1911,2023-01-18
1912,2023-08-03
1913,2023-08-06
1914,2023-09-17
1915,2023-10-28
1916,2023-12-28
1917,2023-02-09
1918,2023-05-19
1919,2023-04-05
1920,2023-11-10
1921,2023-01-13
1922,2023-08-19
1923,2023-04-02
1924,2022-11-30
1925,2023-07-24
1926,2023-05-02
1927,2023-08-30
1928,2023-05-03
1929,2023-02-11
1930,2023-01-13
1931,2023-02-07
1932,2023-05-20
1933,2023-03-14
1934,2023-01-12
1935,2023-04-02
1936,2023-10-27
1937,2023-10-28
1938,2023-04-20
1939,2023-06-23
1940,2023-02-08
1941,2023-05-10
1942,2023-07-25
1943,2022-12-04
1944,2023-11-05
1945,2023-11-23
1946,2023-12-05
1947,2023-02-19
1948,2023-11-19
1949,2023-01-11
1950,2023-11-14
1951,2023-01-20
1952,2023-04-15
1953,2023-12-11
1954,2023-06-17
1955,2023-02-21
1956,2023-04-24
1957,2023-04-08
1958,2023-11-30
1959,2023-05-10
1960,2023-01-03
1961,2023-02-01
1962,2023-07-06
1963,2022-12-02
1964,2023-03-05
1965,2023-07-26
1966,2023-11-02
1967,2023-01-04
1968,2023-04-11
1969,2023-05-02
1970,2023-11-07
1971,2023-10-07
1972,2023-12-03
1973,2023-08-02
1974,2023-02-03
1975,2023-12-07
1976,2023-09-24
1977,2023-08-18
1978,2023-04-15
1979,2023-10-11
1980,2023-05-07
1981,2023-04-05
1982,2023-03-16
1983,2023-08-17
1984,2023-07-31
1985,2023-02-25
1986,2023-04-13
1987,2023-02-25
1988,2023-09-19
1989,2023-04-13
1990,2023-10-04
1991,2023-02-27
1992,2023-05-04
1993,2022-12-07
1994,2022-11-28
1995,2022-12-08
1996,2022-12-23
1997,2023-12-03
1998,2023-03-16
1999,2023-06-27
2000,2023-12-13
2001,2023-06-09
2002,2023-05-03
2003,2023-09-14
2004,2023-09-20
2005,2023-01-06
2006,2023-12-06
2007,2023-01-15
2008,2023-04-12
2009,2023-12-13
2010,2023-07-09
2011,2023-07-12
2012,2023-11-02
2013,2023-05-25
2014,2023-07-30
2015,2023-07-03
2016,2023-01-10
2017,2023-03-28
2018,2023-09-30
2019,2023-04-07
2020,2023-11-23
2021,2023-12-15
2022,2023-09-30
2023,2022-11-27
2024,2023-09-24
2025,2023-12-24
2026,2023-09-25
2027,2023-08-09
2028,2023-07-30
2029,2023-06-13
2030,2023-03-06
2031,2023-06-06
2032,2023-11-26
2033,2022-12-31
2034,2023-01-17
2035,2023-11-11
2036,2023-10-23
2037,2023-06-19
2038,2023-04-19
2039,2023-01-10
2040,2023-08-23
2041,2023-06-30
2042,2023-10-15
2043,2023-04-21
2044,2023-10-12
2045,2023-12-13
2046,2023-01-30
2047,2023-09-28
2048,2023-07-29
2049,2023-05-09
2050,2023-02-20
2051,2023-01-27
2052,2023-01-10
2053,2023-03-13
2054,2023-06-20
2055,2023-06-30
2056,2023-12-27
2057,2023-09-19
2058,2023-12-24
2059,2023-09-24
2060,2023-07-14
2061,2023-10-19
2062,2023-10-01
2063,2023-10-16
2064,2023-03-06
2065,2023-09-12
2066,2023-02-24
2067,2023-04-03
2068,2023-09-05
2069,2023-06-17
2070,2023-10-07
2071,2023-09-11
2072,2023-09-19
2073,2023-01-25
2074,2023-01-07
2075,2023-03-06
2076,2023-04-18
2077,2023-10-20
2078,2022-12-14
2079,2023-07-01
2080,2023-10-07
2081,2023-04-21
2082,2023-03-31
2083,2023-02-16
2084,2023-05-17
2085,2023-07-31
2086,2023-07-16
2087,2023-11-02
2088,2022-11-27
2089,2023-03-24
2090,2023-04-17
2091,2023-05-02
2092,2023-09-13
2093,2023-01-06
2094,2023-03-21
2095,2022-12-18
2096,2023-07-13
2097,2023-12-17
2098,2023-12-22
2099,2022-12-16
2100,2023-01-13
2101,2023-07-13
2102,2023-03-14
2103,2023-02-27
2104,2023-08-27
2105,2023-03-29
2106,2023-07-24
2107,2022-12-12
2108,2023-12-23
2109,2022-12-30
2110,2022-12-10
2111,2023-05-13
2112,2023-11-13
2113,2023-08-09
2114,2023-06-10
2115,2023-03-17
2116,2023-02-25
2117,2023-08-15
2118,2023-06-16
2119,2023-07-30
2120,2023-05-10
2121,2023-03-27
2122,2023-02-06
2123,2023-03-23
2124,2023-02-22
2125,2023-06-10
2126,2023-03-22
2127,2023-10-11
2128,2023-07-05
2129,2023-03-29
2130,2022-12-30
2131,2023-01-14
2132,2023-01-01
2133,2023-04-04
2134,2023-04-08
2135,2022-12-16
2136,2023-09-05
2137,2023-06-26
2138,2023-12-23
2139,2023-11-16
2140,2022-12-01
2141,2023-09-02
2142,2023-12-20
2143,2023-10-13
2144,2023-08-28
2145,2023-01-21
2146,2023-11-22
2147,2023-10-21
2148,2023-06-29
2149,2023-11-30
2150,2023-05-31
2151,2023-06-28
2152,2023-10-07
2153,2023-09-11
2154,2023-07-05
2155,2023-10-06
2156,2023-11-20
2157,2023-08-13
2158,2023-11-19
2159,2023-05-10
2160,2023-06-27
2161,2023-08-13
2162,2023-07-14
2163,2023-02-06
2164,2023-05-28
2165,2023-01-19
2166,2023-08-29
2167,2023-10-12
2168,2023-08-26
2169,2023-11-07
2170,2023-08-14
2171,2023-04-27
2172,2022-12-21
2173,2022-12-10
2174,2023-12-17
2175,2023-10-04
2176,2023-04-10
2177,2023-12-14
2178,2023-03-05
2179,2023-10-01
2180,2023-02-19
2181,2023-09-06
2182,2022-12-24
2183,2023-08-27
2184,2023-05-28
2185,2023-07-17
2186,2022-12-13
2187,2023-04-23
2188,2023-01-30
2189,2023-07-31
2190,2022-11-29
2191,2023-11-23
2192,2023-02-04
2193,2023-06-23
2194,2023-12-30
2195,2023-05-09
2196,2023-07-01
2197,2023-12-15
2198,2022-12-23
2199,2023-07-09
2200,2023-07-10
2201,2023-09-12
2202,2023-07-25
2203,2023-06-07
2204,2023-07-04
2205,2023-03-20
2206,2023-04-10
2207,2023-12-11
2208,2023-08-16
2209,2023-08-26
2210,2023-01-23
2211,2023-04-30
2212,2023-02-22
2213,2023-12-11
2214,2023-12-29
2215,2023-04-10
2216,2023-05-12
2217,2023-08-28
2218,2023-01-25
2219,2023-07-09
2220,2023-02-21
2221,2023-06-26
2222,2023-09-12
2223,2023-09-18
2224,2023-01-12
2225,2023-03-22
2226,2023-04-17
2227,2023-09-13
2228,2023-04-07
2229,2023-05-31
2230,2023-02-26
2231,2023-04-13
2232,2023-06-05
2233,2023-02-19
2234,2023-01-10
2235,2023-01-22
2236,2023-05-28
2237,2023-01-31
2238,2022-12-10
2239,2023-10-26
2240,2023-12-20
2241,2023-06-19
2242,2023-07-26
2243,2023-02-01
2244,2022-12-27
2245,2022-12-28
2246,2023-02-11
2247,2023-01-10
2248,2023-09-17
2249,2023-10-01
2250,2023-09-15
2251,2023-03-21
2252,2023-04-21
2253,2023-04-19
2254,2023-01-25
2255,2023-06-04
2256,2023-06-29
2257,2023-02-16
2258,2023-03-17
2259,2023-06-03
2260,2023-01-04
2261,2023-07-20
2262,2023-04-14
2263,2023-09-06
2264,2023-09-23
2265,2023-04-24
2266,2023-04-17
2267,2023-06-26
2268,2022-12-13
2269,2023-02-11
2270,2023-01-14
2271,2023-03-20
2272,2023-07-23
2273,2023-03-04
2274,2023-06-23
2275,2023-08-30
2276,2023-08-23
2277,2023-06-27
2278,2023-07-13
2279,2023-05-22
2280,2023-06-13
2281,2023-10-11
2282,2023-06-05
2283,2023-04-16
2284,2023-12-16
2285,2023-11-28
2286,2023-11-06
2287,2023-10-21
2288,2023-04-29
2289,2023-12-15
2290,2023-08-15
2291,2023-11-18
2292,2022-12-05
2293,2023-01-08
2294,2022-12-05
2295,2023-12-30
2296,2023-04-03
2297,2022-12-12
2298,2023-09-24
2299,2023-10-09
2300,2023-12-02
2301,2023-07-16
2302,2023-08-27
2303,2023-08-01
2304,2023-09-05
2305,2023-06-21
2306,2022-12-09
2307,2023-02-01
2308,2023-12-04
2309,2022-12-16
2310,2022-12-31
2311,2023-10-13
2312,2023-12-10
2313,2023-05-24
2314,2023-01-22
2315,2023-07-20
2316,2022-12-10
2317,2023-04-20
2318,2023-07-10
2319,2023-11-14
2320,2023-01-11
2321,2023-07-27
2322,2022-12-08
2323,2023-06-01
2324,2023-08-21
2325,2022-12-11
2326,2023-09-18
2327,2023-12-26
2328,2023-03-24
2329,2023-09-25
2330,2023-06-28
2331,2023-11-29
2332,2023-07-19
2333,2023-10-14
2334,2023-01-30
2335,2023-03-09
2336,2023-05-22
2337,2023-11-23
2338,2023-08-08
2339,2023-02-19
2340,2023-11-16
2341,2023-08-01
2342,2023-05-13
2343,2023-04-29
2344,2023-09-02
2345,2023-11-14
2346,2023-06-15
2347,2023-10-30
2348,2023-09-05
2349,2022-12-26
2350,2023-10-08
2351,2023-07-09
2352,2023-06-27
2353,2023-07-30
2354,2022-12-21
2355,2023-11-24
2356,2023-11-12
2357,2023-12-31
2358,2023-07-25
2359,2023-03-02
2360,2023-07-25
2361,2023-03-19
2362,2023-06-18
2363,2023-10-13
2364,2023-02-04
2365,2023-05-27
2366,2023-06-09
2367,2023-12-03
2368,2023-06-29
2369,2023-04-12
2370,2023-04-29
2371,2023-03-28
2372,2023-01-25
2373,2023-09-07
2374,2023-09-27
2375,2023-02-14
2376,2023-05-28
2377,2023-09-24
2378,2023-09-03
2379,2022-12-28
2380,2022-12-15
2381,2022-12-25
2382,2023-06-16
2383,2023-11-27
2384,2022-12-26
2385,2023-09-03
2386,2023-09-16
2387,2023-12-17
2388,2023-07-17
2389,2023-12-13
2390,2023-05-26
2391,2023-03-13
2392,2023-12-21
2393,2023-06-23
2394,2023-04-06
2395,2023-08-11
2396,2023-05-15
2397,2023-09-22
2398,2023-09-18
2399,2022-12-04
2400,2023-06-25
2401,2023-11-03
2402,2023-08-17
2403,2023-09-11
2404,2023-12-22
2405,2023-04-13
2406,2023-09-01
2407,2022-12-08
2408,2023-01-26
2409,2023-09-02
2410,2023-02-18
2411,2023-10-07
2412,2023-11-09
2413,2023-11-19
2414,2022-12-16
2415,2023-04-06
2416,2023-06-18
2417,2022-12-03
2418,2023-11-24
2419,2023-12-18
2420,2023-10-03
2421,2023-03-18
2422,2023-01-12
2423,2023-10-23
2424,2023-09-19
2425,2023-12-10
2426,2023-04-28
2427,2023-02-02
2428,2023-11-22
2429,2023-01-09
2430,2023-07-14
2431,2023-06-03
2432,2023-07-04
2433,2023-05-06
2434,2022-11-30
2435,2023-08-02
2436,2023-03-06
2437,2023-01-12
2438,2023-05-11
2439,2023-03-23
2440,2023-09-12
2441,2023-04-20
2442,2023-06-23
2443,2023-06-09
2444,2023-11-03
2445,2023-01-07
2446,2022-12-10
2447,2023-11-08
2448,2023-04-05
2449,2023-09-10
2450,2023-07-24
2451,2023-09-28
2452,2023-08-17
2453,2023-03-04
2454,2023-06-15
2455,2023-03-29
2456,2023-05-05
2457,2023-07-02
2458,2022-12-25
2459,2022-12-09
2460,2023-09-01
2461,2023-01-01
2462,2023-11-23
2463,2023-08-11
2464,2023-10-16
2465,2023-06-03
2466,2023-09-03
2467,2023-02-09
2468,2023-08-07
2469,2023-03-31
2470,2023-10-01
2471,2023-04-22
2472,2023-10-03
2473,2023-11-19
2474,2022-11-29
2475,2022-12-22
2476,2023-04-19
2477,2023-07-03
2478,2023-11-09
2479,2023-05-21
2480,2023-11-02
2481,2023-09-14
2482,2023-09-06
2483,2023-11-25
2484,2023-03-30
2485,2023-08-21
2486,2023-10-12
2487,2023-12-19
2488,2023-02-27
2489,2023-10-07
2490,2023-02-24
2491,2023-12-16
2492,2023-06-29
2493,2023-11-12
2494,2023-07-13
2495,2022-12-27
2496,2023-04-16
2497,2023-07-28
2498,2023-07-26
2499,2023-07-05
2500,2023-09-06
2501,2023-07-15
2502,2023-02-07
2503,2022-12-28
2504,2023-03-22
2505,2023-01-21
2506,2023-09-02
2507,2023-12-22
2508,2023-12-02
2509,2023-07-11
2510,2023-11-15
2511,2023-08-17
2512,2023-01-17
2513,2023-07-19
2514,2023-07-12
2515,2023-07-05
2516,2023-10-13
2517,2023-12-26
2518,2023-03-01
2519,2022-12-03
2520,2023-08-11
2521,2023-01-10
2522,2023-05-17
2523,2023-12-04
2524,2023-08-19
2525,2023-12-07
2526,2022-12-09
2527,2023-09-05
2528,2023-04-01
2529,2022-12-26
2530,2023-03-29
2531,2023-12-05
2532,2023-05-13
2533,2023-11-29
2534,2023-01-11
2535,2023-08-16
2536,2023-05-20
2537,2023-03-26
2538,2023-07-01
2539,2023-07-30
2540,2022-12-07
2541,2023-08-15
2542,2023-03-27
2543,2023-10-14
2544,2023-02-05
2545,2023-03-21
2546,2023-12-20
2547,2023-03-05
2548,2023-01-18
2549,2023-07-05
2550,2023-08-04
2551,2023-07-11
2552,2023-05-06
2553,2023-01-08
2554,2023-03-21
2555,2022-12-19
2556,2023-11-03
2557,2023-03-10
2558,2023-08-19
2559,2023-03-11
2560,2023-08-02
2561,2023-01-02
2562,2023-01-03
2563,2023-04-02
2564,2023-03-10
2565,2023-04-04
2566,2023-03-17
2567,2023-08-31
2568,2023-05-19
2569,2023-01-27
2570,2023-11-30
2571,2023-08-08
2572,2023-05-07
2573,2023-06-18
2574,2023-04-07
2575,2023-05-03
2576,2022-12-25
2577,2023-10-25
2578,2023-04-29
2579,2023-09-01
2580,2022-12-17
2581,2023-01-02
2582,2023-04-22
2583,2022-12-12
2584,2023-12-19
2585,2022-12-12
2586,2023-07-07
2587,2023-04-16
2588,2023-02-18
2589,2023-01-22
2590,2023-03-26
2591,2022-12-17
2592,2023-07-13
2593,2023-02-28
2594,2022-12-04
2595,2023-01-12
2596,2023-11-21
2597,2023-03-02
2598,2023-07-16
2599,2023-05-09
2600,2023-06-11
2601,2023-11-03
2602,2023-09-09
2603,2023-07-05
2604,2023-02-15
2605,2023-11-01
2606,2022-12-05
2607,2023-07-07
2608,2023-07-31
2609,2023-12-10
2610,2023-01-30
2611,2023-03-22
2612,2022-12-01
2613,2023-03-05
2614,2023-12-03
2615,2022-11-30
2616,2023-10-08
2617,2023-12-05
2618,2023-01-11
2619,2023-04-20
2620,2023-11-20
2621,2023-09-11
2622,2022-12-24
2623,2023-11-08
2624,2023-10-14
2625,2023-03-31
2626,2023-05-11
2627,2023-03-28
2628,2023-06-22
2629,2023-10-04
2630,2023-08-21
2631,2023-12-19
2632,2023-01-05
2633,2023-12-01
2634,2023-11-25
2635,2023-04-28
2636,2023-01-23
2637,2023-02-25
2638,2023-12-08
2639,2022-11-30
2640,2023-01-02
2641,2022-12-25
2642,2023-02-03
2643,2023-10-08
2644,2022-12-20
2645,2023-12-17
2646,2023-05-05
2647,2023-06-27
2648,2023-07-21
2649,2023-10-17
2650,2023-08-04
2651,2022-12-21
2652,2023-10-24
2653,2023-01-01
2654,2023-06-26
2655,2023-11-08
2656,2023-06-19
2657,2023-05-13
2658,2023-04-06
2659,2023-10-07
2660,2023-08-14
2661,2023-10-17
2662,2023-11-25
2663,2023-07-21
2664,2023-04-18
2665,2023-07-22
2666,2023-04-18
2667,2023-02-17
2668,2023-04-13
2669,2023-06-06
2670,2023-02-25
2671,2023-04-02
2672,2023-07-11
2673,2023-01-19
2674,2023-01-08
2675,2023-10-02
2676,2023-10-26
2677,2023-04-01
2678,2023-01-21
2679,2023-05-30
2680,2023-02-04
2681,2023-11-12
2682,2022-12-24
2683,2023-06-16
2684,2023-04-28
2685,2023-06-01
2686,2023-09-26
2687,2023-03-11
2688,2023-11-26
2689,2023-12-23
2690,2023-05-19
2691,2023-04-30
2692,2023-03-01
2693,2023-10-18
2694,2023-09-13
2695,2023-05-25
2696,2023-08-29
2697,2023-04-23
2698,2023-08-26
2699,2023-10-21
2700,2023-05-23
2701,2023-08-20
2702,2023-07-11
2703,2022-12-25
2704,2022-12-21
2705,2023-03-12
2706,2023-03-07
2707,2023-02-10
2708,2023-12-02
2709,2023-07-27
2710,2022-12-13
2711,2023-11-23
2712,2023-03-27
2713,2023-12-27
2714,2023-02-25
2715,2022-12-30
2716,2023-01-18
2717,2023-04-30
2718,2023-12-01
2719,2023-07-05
2720,2023-01-16
2721,2023-04-03
2722,2023-06-10
2723,2023-07-02
2724,2023-10-28
2725,2022-12-15
2726,2022-11-28
2727,2023-09-11
2728,2023-01-09
2729,2023-08-27
2730,2023-04-12
2731,2023-05-01
2732,2023-01-25
2733,2023-10-02
2734,2023-02-08
2735,2022-11-30
2736,2023-07-21
2737,2023-01-26
2738,2023-02-03
2739,2023-02-22
2740,2023-08-09
2741,2023-09-23
2742,2023-11-28
2743,2023-12-24
2744,2023-02-26
2745,2023-02-21
2746,2023-02-19
2747,2023-02-09
2748,2022-12-01
2749,2023-07-20
2750,2022-12-02
2751,2022-12-12
2752,2023-05-04
2753,2023-10-17
2754,2023-06-10
2755,2023-05-05
2756,2023-02-08
2757,2023-08-26
2758,2023-04-05
2759,2023-12-30
2760,2023-01-22
2761,2023-10-07
2762,2023-08-26
2763,2023-04-22
2764,2023-05-03
2765,2023-12-16
2766,2023-09-16
2767,2022-12-14
2768,2023-07-05
2769,2023-09-19
2770,2023-04-26
2771,2023-08-30
2772,2023-08-04
2773,2023-04-07
2774,2022-11-29
2775,2022-12-11
2776,2023-08-30
2777,2023-10-03
2778,2023-04-24
2779,2023-06-05
2780,2023-06-20
2781,2023-11-15
2782,2023-06-24
2783,2023-07-13
2784,2023-07-08
2785,2023-01-18
2786,2023-09-03
2787,2023-11-25
2788,2023-01-10
2789,2022-12-25
2790,2023-06-10
2791,2023-09-28
2792,2022-12-30
2793,2023-09-20
2794,2023-02-28
2795,2023-02-08
2796,2023-02-10
2797,2023-06-25
2798,2023-07-24
2799,2023-05-30
2800,2023-07-27
2801,2023-10-15
2802,2023-10-25
2803,2023-09-14
2804,2023-06-23
2805,2023-02-22
2806,2023-09-20
2807,2023-08-23
2808,2023-11-17
2809,2023-09-07
2810,2023-01-19
2811,2023-07-12
2812,2023-09-11
2813,2023-12-30
2814,2023-04-07
2815,2023-11-06
2816,2023-03-18
2817,2023-04-26
2818,2023-12-17
2819,2023-01-31
2820,2023-02-17
2821,2023-10-27
2822,2023-11-27
2823,2023-01-07
2824,2023-10-22
2825,2023-07-20
2826,2023-11-13
2827,2023-06-13
2828,2023-07-19
2829,2023-02-27
2830,2023-07-18
2831,2023-05-13
2832,2023-05-07
2833,2023-03-18
2834,2023-05-06
2835,2023-02-02
2836,2023-11-02
2837,2023-05-07
2838,2023-05-01
2839,2023-12-23
2840,2023-06-09
2841,2023-09-03
2842,2023-12-30
2843,2023-11-06
2844,2023-04-17
2845,2023-06-28
2846,2023-10-22
2847,2023-06-15
2848,2023-03-17
2849,2023-06-26
2850,2022-12-07
2851,2023-11-14
2852,2023-07-22
2853,2023-03-09
2854,2023-06-06
2855,2022-12-09
2856,2023-10-07
2857,2023-06-27
2858,2022-11-28
2859,2023-05-29
2860,2022-12-25
2861,2023-04-30
2862,2023-11-05
2863,2023-08-15
2864,2023-06-07
2865,2023-06-19
2866,2023-06-17
2867,2023-01-04
2868,2023-02-25
2869,2023-10-19
2870,2023-12-02
2871,2023-01-24
2872,2023-11-27
2873,2022-12-09
2874,2023-06-21
2875,2023-10-23
2876,2023-02-22
2877,2023-12-11
2878,2023-12-25
2879,2023-05-15
2880,2023-11-18
2881,2022-12-28
2882,2023-06-23
2883,2023-03-24
2884,2023-08-04
2885,2023-03-07
2886,2023-05-21
2887,2023-09-15
2888,2023-02-17
2889,2023-10-29
2890,2023-08-26
2891,2023-03-07
2892,2023-08-21
2893,2023-04-03
2894,2023-07-03
2895,2023-07-29
2896,2023-10-18
2897,2023-04-15
2898,2023-05-26
2899,2023-05-23
2900,2023-11-06
2901,2023-10-29
2902,2023-02-21
2903,2023-01-08
2904,2023-12-16
2905,2023-02-01
2906,2023-02-17
2907,2023-01-13
2908,2023-01-30
2909,2022-12-22
2910,2023-07-26
2911,2023-06-18
2912,2023-01-03
2913,2023-08-14
2914,2023-02-02
2915,2023-06-30
2916,2023-09-14
2917,2023-05-16
2918,2023-03-30
2919,2023-11-20
2920,2023-10-13
2921,2023-10-30
2922,2023-01-28
2923,2023-03-16
2924,2023-04-30
2925,2023-02-02
2926,2023-04-30
2927,2023-03-06
2928,2023-06-07
2929,2023-09-05
2930,2023-05-10
2931,2023-09-11
2932,2023-04-30
2933,2023-06-12
2934,2023-04-07
2935,2022-12-30
2936,2022-12-03
2937,2023-02-08
2938,2023-07-31
2939,2023-01-05
2940,2023-06-04
2941,2023-01-19
2942,2023-04-25
2943,2023-03-15
2944,2023-02-19
2945,2023-06-21
2946,2023-11-18
2947,2023-08-15
2948,2023-03-02
2949,2023-11-01
2950,2023-11-30
2951,2023-09-25
2952,2023-02-21
2953,2023-02-02
2954,2023-12-20
2955,2023-11-17
2956,2023-05-13
2957,2023-05-28
2958,2023-06-28
2959,2023-11-17
2960,2023-03-26
2961,2023-08-25
2962,2023-12-07
2963,2023-03-26
2964,2023-03-20
2965,2023-01-19
2966,2023-09-15
2967,2023-03-15
2968,2022-12-05
2969,2023-06-16
2970,2023-07-08
2971,2022-12-03
2972,2023-09-19
2973,2023-07-08
2974,2023-06-03
2975,2023-04-13
2976,2023-08-11
2977,2023-09-23
2978,2023-09-30
2979,2023-05-01
2980,2023-06-15
2981,2023-03-08
2982,2023-02-22
2983,2023-11-06
2984,2023-05-04
2985,2023-03-16
2986,2023-09-15
2987,2023-09-01
2988,2023-03-15
2989,2023-02-04
2990,2023-08-06
2991,2023-11-29
2992,2023-01-25
2993,2023-03-02
2994,2023-12-04
2995,2023-09-16
2996,2023-07-26
2997,2023-04-10
2998,2023-06-02
2999,2023-02-10
3000,2023-10-17
3001,2023-06-15
3002,2023-10-11
3003,2023-11-13
3004,2023-01-04
3005,2023-11-06
3006,2023-03-29
3007,2023-04-07
3008,2023-05-29
3009,2023-03-25
3010,2023-04-12
3011,2023-08-31
3012,2023-04-02
3013,2023-07-28
3014,2023-04-16
3015,2023-04-06
3016,2023-01-22
3017,2023-11-07
3018,2023-01-13
3019,2023-07-06
3020,2023-03-11
3021,2023-12-27
3022,2022-12-25
3023,2023-05-16
3024,2023-06-19
3025,2023-12-26
3026,2023-01-27
3027,2023-10-26
3028,2022-12-24
3029,2023-03-23
3030,2023-10-27
3031,2023-04-26
3032,2023-07-20
3033,2023-05-02
3034,2023-11-21
3035,2023-01-02
3036,2023-12-25
3037,2023-02-28
3038,2023-07-22
3039,2023-03-11
3040,2023-10-11
3041,2023-09-04
3042,2023-01-29
3043,2023-03-05
3044,2023-09-02
3045,2023-06-16
3046,2023-07-04
3047,2023-04-22
3048,2023-08-24
3049,2023-12-03
3050,2023-01-07
3051,2023-08-31
3052,2023-12-06
3053,2023-02-23
3054,2023-05-12
3055,2023-07-11
3056,2023-10-03
3057,2023-08-28
3058,2023-12-28
3059,2023-07-07
3060,2023-11-11
3061,2023-06-22
3062,2023-03-31
3063,2023-08-23
3064,2023-05-06
3065,2023-08-17
3066,2023-08-13
3067,2022-12-26
3068,2023-06-30
3069,2022-12-02
3070,2023-05-10
3071,2023-08-16
3072,2023-08-15
3073,2023-01-07
3074,2023-11-25
3075,2023-09-18
3076,2023-03-30
3077,2023-05-25
3078,2023-01-17
3079,2023-04-21
3080,2023-08-24
3081,2023-11-14
3082,2023-07-20
3083,2023-03-20
3084,2023-11-24
3085,2023-07-02
3086,2023-09-20
3087,2023-09-06
3088,2023-05-04
3089,2022-12-05
3090,2023-08-07
3091,2023-11-18
3092,2023-11-06
3093,2023-11-05
3094,2023-04-14
3095,2023-11-24
3096,2022-12-02
3097,2023-04-02
3098,2023-08-04
3099,2023-03-31
3100,2022-12-07
3101,2023-02-04
3102,2023-12-06
3103,2023-05-17
3104,2023-02-02
3105,2023-08-01
3106,2023-04-25
3107,2023-05-03
3108,2023-12-10
3109,2023-07-02
3110,2022-12-28
3111,2023-12-08
3112,2022-11-28
3113,2023-08-28
3114,2023-01-07
3115,2023-03-15
3116,2023-12-26
3117,2023-02-02
3118,2023-12-20
3119,2023-03-24
3120,2023-04-29
3121,2023-12-06
3122,2023-09-20
3123,2023-03-24
3124,2023-09-17
3125,2023-06-05
3126,2023-01-05
3127,2023-03-07
3128,2023-03-01
3129,2023-06-04
3130,2023-11-17
3131,2023-07-12
3132,2023-02-01
3133,2023-07-27
3134,2023-06-23
3135,2023-04-30
3136,2023-03-04
3137,2023-09-08
3138,2023-07-08
3139,2023-05-17
3140,2023-02-13
3141,2023-01-14
3142,2023-02-21
3143,2023-08-02
3144,2022-12-15
3145,2022-12-25
3146,2023-12-28
3147,2023-03-14
3148,2023-01-11
3149,2023-12-17
3150,2023-05-12
3151,2022-11-27
3152,2023-05-13
3153,2022-12-05
3154,2023-03-28
3155,2023-12-10
3156,2023-10-10
3157,2023-05-13
3158,2023-04-11
3159,2023-07-18
3160,2023-08-04
3161,2023-09-26
3162,2023-07-02
3163,2022-12-27
3164,2023-11-07
3165,2023-04-10
3166,2023-10-20
3167,2023-10-17
3168,2023-02-22
3169,2023-06-20
3170,2023-09-23
3171,2023-04-19
3172,2023-10-10
3173,2023-06-24
3174,2023-11-29
3175,2023-11-20
3176,2023-12-17
3177,2023-02-23
3178,2023-09-17
3179,2023-09-23
3180,2023-05-25
3181,2023-02-02
3182,2023-03-24
3183,2023-06-20
3184,2023-11-07
3185,2023-11-28
3186,2023-11-28
3187,2023-12-10
3188,2023-01-05
3189,2023-12-30
3190,2023-07-06
3191,2023-01-05
3192,2023-01-17
3193,2023-03-09
3194,2023-03-07
3195,2023-01-10
3196,2023-04-29
3197,2023-07-03
3198,2023-03-31
3199,2023-08-21
3200,2023-09-09
3201,2023-05-05
3202,2022-12-28
3203,2023-03-31
3204,2023-07-30
3205,2023-05-02
3206,2023-07-17
3207,2023-10-30
3208,2023-10-07
3209,2023-08-03
3210,2023-01-04
3211,2023-09-21
3212,2023-04-09
3213,2023-05-12
3214,2023-09-01
3215,2023-10-25
3216,2023-09-07
3217,2023-03-27
3218,2023-05-25
3219,2023-04-20
3220,2023-05-30
3221,2023-09-25
3222,2023-12-17
3223,2023-05-02
3224,2023-04-06
3225,2023-11-15
3226,2023-01-26
3227,2023-05-02
3228,2023-12-13
3229,2023-11-14
3230,2023-10-16
3231,2023-11-17
3232,2023-03-01
3233,2022-12-20
3234,2023-11-04
3235,2023-06-11
3236,2023-03-07
3237,2023-06-05
3238,2023-10-23
3239,2023-06-11
3240,2023-08-05
3241,2023-06-20
3242,2023-06-08
3243,2023-12-13
3244,2023-12-03
3245,2023-05-15
3246,2023-10-16
3247,2023-09-12
3248,2023-01-17
3249,2023-10-31
3250,2023-09-05
3251,2023-11-04
3252,2023-10-08
3253,2023-12-05
3254,2023-07-01
3255,2022-12-21
3256,2023-03-17
3257,2023-01-24
3258,2023-02-28
3259,2023-07-13
3260,2023-12-21
3261,2023-09-28
3262,2023-05-20
3263,2023-06-11
3264,2023-06-22
3265,2023-05-10
3266,2023-07-24
3267,2023-12-08
3268,2023-01-06
3269,2023-04-18
3270,2022-12-29
3271,2023-11-02
3272,2023-02-14
3273,2023-08-15
3274,2022-12-23
3275,2023-06-05
3276,2023-11-21
3277,2023-12-12
3278,2023-01-25
3279,2023-08-18
3280,2023-02-25
3281,2023-09-14
3282,2023-06-29
3283,2023-10-12
3284,2023-11-20
3285,2023-04-17
3286,2022-12-16
3287,2023-04-02
3288,2023-02-21
3289,2023-01-15
3290,2023-09-09
3291,2023-11-23
3292,2023-06-22
3293,2023-06-28
3294,2023-07-22
3295,2023-11-21
3296,2022-12-03
3297,2023-06-25
3298,2023-11-08
3299,2023-01-30
3300,2023-07-16
3301,2022-11-30
3302,2023-10-26
3303,2023-08-15
3304,2023-12-17
3305,2023-03-26
3306,2023-09-15
3307,2023-09-30
3308,2022-12-09
3309,2023-09-26
3310,2023-09-07
3311,2023-07-30
3312,2023-07-10
3313,2023-10-13
3314,2023-01-07
3315,2023-05-03
3316,2023-03-15
3317,2023-10-31
3318,2023-02-02
3319,2022-12-21
3320,2023-12-01
3321,2023-05-04
3322,2023-10-11
3323,2023-02-28
3324,2023-09-03
3325,2023-12-02
3326,2023-09-28
3327,2023-03-24
3328,2023-07-25
3329,2023-10-25
3330,2023-11-04
3331,2023-03-26
3332,2023-02-26
3333,2023-05-19
3334,2023-03-07
3335,2023-09-11
3336,2023-07-21
3337,2023-06-06
3338,2023-10-17
3339,2023-02-20
3340,2023-10-27
3341,2023-07-10
3342,2023-12-22
3343,2023-07-24
3344,2023-09-27
3345,2023-02-10
3346,2023-02-28
3347,2023-07-07
3348,2023-02-27
3349,2022-12-14
3350,2023-05-24
3351,2023-03-12
3352,2023-08-14
3353,2023-07-15
3354,2023-06-20
3355,2023-10-25
3356,2022-12-23
3357,2023-10-06
3358,2023-06-07
3359,2023-09-01
3360,2023-10-19
3361,2023-03-27
3362,2023-03-03
3363,2023-09-24
3364,2023-08-08
3365,2023-02-09
3366,2023-03-14
3367,2023-11-03
3368,2023-07-07
3369,2023-11-26
3370,2023-09-03
3371,2023-02-17
3372,2023-02-17
3373,2023-12-18
3374,2023-09-18
3375,2023-07-22
3376,2023-08-24
3377,2023-05-11
3378,2023-04-01
3379,2023-10-22
3380,2023-11-19
3381,2023-11-24
3382,2023-10-05
3383,2023-11-10
3384,2023-06-23
3385,2023-03-31
3386,2022-12-30
3387,2023-03-30
3388,2023-05-22
3389,2022-12-30
3390,2023-04-07
3391,2023-12-03
3392,2023-03-11
3393,2023-05-03
3394,2023-08-11
3395,2023-11-15
3396,2023-11-30
3397,2023-10-17
3398,2023-01-24
3399,2023-01-10
3400,2023-09-19
3401,2023-11-16
3402,2023-08-02
3403,2023-11-27
3404,2023-08-20
3405,2023-04-16
3406,2023-10-31
3407,2023-09-25
3408,2023-04-26
3409,2023-07-20
3410,2023-07-16
3411,2023-01-05
3412,2023-03-17
3413,2023-02-26
3414,2023-03-20
3415,2023-06-25
3416,2023-06-20
3417,2023-11-05
3418,2022-11-29
3419,2023-10-22
3420,2023-03-06
3421,2023-04-16
3422,2023-01-26
3423,2022-12-02
3424,2023-01-13
3425,2023-02-24
3426,2023-04-29
3427,2023-03-31
3428,2023-01-07
3429,2023-04-11
3430,2023-01-27
3431,2023-08-27
3432,2023-08-21
3433,2022-12-22
3434,2023-08-14
3435,2023-11-25
3436,2023-12-10
3437,2022-12-19
3438,2023-11-30
3439,2023-05-08
3440,2023-11-11
3441,2023-02-16
3442,2023-08-30
3443,2023-10-14
3444,2023-03-13
3445,2023-09-17
3446,2023-02-06
3447,2023-09-06
3448,2023-12-11
3449,2023-03-26
3450,2023-12-15
3451,2023-08-20
3452,2023-06-16
3453,2023-04-06
3454,2023-07-04
3455,2023-12-25
3456,2022-11-29
3457,2023-11-08
3458,2023-01-25
3459,2023-11-12
3460,2023-07-03
3461,2023-11-21
3462,2023-02-07
3463,2022-12-16
3464,2023-06-06
3465,2023-10-04
3466,2023-10-10
3467,2023-09-28
3468,2023-10-13
3469,2023-10-03
3470,2023-11-06
3471,2023-02-03
3472,2023-03-01
3473,2022-11-28
3474,2023-05-18
3475,2023-03-12
3476,2023-08-04
3477,2023-07-06
3478,2023-07-17
3479,2023-08-17
3480,2023-12-31
3481,2023-01-08
3482,2023-03-17
3483,2023-05-13
3484,2022-12-25
3485,2023-10-20
3486,2023-05-01
3487,2023-02-01
3488,2023-06-22
3489,2023-02-11
3490,2023-04-30
3491,2023-08-11
3492,2023-04-03
3493,2023-10-26
3494,2023-03-09
3495,2023-01-11
3496,2023-05-16
3497,2023-02-11
3498,2023-08-29
3499,2023-06-24
3500,2023-01-25
3501,2023-04-10
3502,2023-11-08
3503,2023-10-20
3504,2023-08-10
3505,2023-11-23
3506,2023-01-08
3507,2023-09-15
3508,2022-12-06
3509,2023-07-24
3510,2022-12-17
3511,2023-04-12
3512,2023-01-02
3513,2023-03-08
3514,2023-08-11
3515,2023-10-05
3516,2023-12-08
3517,2023-12-27
3518,2023-01-19
3519,2023-11-29
3520,2023-03-20
3521,2023-11-15
3522,2023-11-08
3523,2023-11-29
3524,2023-06-17
3525,2023-09-23
3526,2023-05-16
3527,2022-12-28
3528,2023-06-04
3529,2023-02-15
3530,2023-01-06
3531,2023-01-19
3532,2023-02-22
3533,2023-10-11
3534,2023-12-16
3535,2023-11-02
3536,2023-08-11
3537,2023-11-14
3538,2023-03-21
3539,2023-11-25
3540,2023-12-10
3541,2023-01-25
3542,2023-05-04
3543,2023-03-19
3544,2023-01-22
3545,2023-02-04
3546,2023-12-18
3547,2023-02-07
3548,2023-08-20
3549,2023-11-11
3550,2023-09-24
3551,2023-05-27
3552,2022-12-06
3553,2023-05-13
3554,2023-03-20
3555,2023-11-07
3556,2023-12-10
3557,2023-02-27
3558,2023-01-28
3559,2023-10-21
3560,2023-11-11
3561,2023-12-25
3562,2023-10-01
3563,2023-05-31
3564,2023-04-27
3565,2022-12-20
3566,2023-11-16
3567,2023-12-29
3568,2023-12-01
3569,2023-07-14
3570,2023-11-08
3571,2022-11-27
3572,2023-05-08
3573,2023-01-08
3574,2023-07-19
3575,2022-11-27
3576,2023-03-29
3577,2023-05-13
3578,2023-01-17
3579,2022-12-31
3580,2023-11-22
3581,2023-03-15
3582,2023-12-24
3583,2023-04-24
3584,2022-12-20
3585,2023-01-07
3586,2023-08-29
3587,2022-12-02
3588,2023-12-11
3589,2023-03-09
3590,2023-07-28
3591,2023-05-23
3592,2022-12-15
3593,2023-09-04
3594,2022-12-02
3595,2023-10-11
3596,2023-06-16
3597,2023-03-27
3598,2023-12-07
3599,2023-02-16
3600,2023-03-18
3601,2023-08-12
3602,2023-04-16
3603,2023-06-09
3604,2023-10-11
3605,2023-11-27
3606,2023-10-13
3607,2022-12-29
3608,2023-12-09
3609,2023-05-14
3610,2023-10-28
3611,2023-03-21
3612,2023-07-22
3613,2023-12-17
3614,2023-12-07
3615,2023-08-15
3616,2023-07-30
3617,2022-12-08
3618,2023-07-25
3619,2023-05-14
3620,2022-12-03
3621,2023-12-10
3622,2023-05-28
3623,2023-09-30
3624,2022-12-14
3625,2023-03-05
3626,2023-11-21
3627,2023-12-06
3628,2022-12-01
3629,2023-11-19
3630,2023-03-29
3631,2023-02-21
3632,2023-12-30
3633,2023-06-28
3634,2023-10-11
3635,2023-01-21
3636,2023-09-26
3637,2023-04-22
3638,2023-09-08
3639,2023-08-16
3640,2022-12-17
3641,2023-11-11
3642,2023-03-22
3643,2023-04-21
3644,2023-10-12
3645,2023-11-12
3646,2023-11-20
3647,2023-05-27
3648,2023-04-16
3649,2023-10-20
3650,2023-03-10
3651,2023-08-11
3652,2023-03-01
3653,2023-02-19
3654,2023-07-04
3655,2023-11-07
3656,2023-03-23
3657,2023-09-13
3658,2022-12-05
3659,2023-09-02
3660,2023-05-02
3661,2022-12-26
3662,2023-07-06
3663,2023-03-02
3664,2023-08-07
3665,2022-12-14
3666,2023-04-13
3667,2023-03-01
3668,2023-04-01
3669,2022-11-30
3670,2023-03-20
3671,2023-01-01
3672,2023-08-03
3673,2023-05-29
3674,2023-03-20
3675,2023-07-31
3676,2023-11-28
3677,2023-07-01
3678,2023-03-19
3679,2023-05-07
3680,2023-10-09
3681,2023-01-05
3682,2023-04-03
3683,2023-06-02
3684,2023-08-07
3685,2023-07-15
3686,2023-09-02
3687,2023-12-07
3688,2023-02-04
3689,2023-06-06
3690,2023-04-27
3691,2023-01-01
3692,2023-01-17
3693,2023-08-05
3694,2023-06-19
3695,2023-03-24
3696,2023-11-25
3697,2023-03-31
3698,2023-07-23
3699,2023-12-27
3700,2023-09-03
3701,2023-09-14
3702,2023-03-20
3703,2023-11-27
3704,2023-06-02
3705,2023-03-27
3706,2023-09-19
3707,2023-06-27
3708,2023-01-18
3709,2022-12-04
3710,2023-01-14
3711,2023-01-29
3712,2023-02-24
3713,2023-04-14
3714,2023-03-01
3715,2023-11-23
3716,2023-12-16
3717,2023-12-20
3718,2023-01-29
3719,2023-06-28
3720,2023-01-08
3721,2023-09-06
3722,2023-01-21
3723,2023-03-22
3724,2023-02-16
3725,2023-06-07
3726,2023-04-23
3727,2023-07-01
3728,2023-02-13
3729,2023-06-18
3730,2023-01-01
3731,2022-12-13
3732,2023-01-20
3733,2023-03-13
3734,2023-10-08
3735,2023-04-08
3736,2023-06-23
3737,2023-08-25
3738,2023-09-21
3739,2023-07-18
3740,2023-02-05
3741,2023-08-19
3742,2023-03-29
3743,2023-07-21
3744,2023-12-24
3745,2022-12-26
3746,2022-12-31
3747,2023-03-06
3748,2023-05-21
3749,2023-06-06
3750,2023-03-25
3751,2023-11-22
3752,2022-11-29
3753,2023-07-02
3754,2023-07-05
3755,2023-09-30
3756,2023-07-05
3757,2023-01-20
3758,2023-04-04
3759,2023-02-04
3760,2023-06-03
3761,2023-11-27
3762,2023-05-02
3763,2023-04-21
3764,2023-05-31
3765,2023-02-01
3766,2023-11-01
3767,2023-08-20
3768,2023-09-08
3769,2023-04-15
3770,2023-03-19
3771,2023-06-04
3772,2023-03-02
3773,2022-12-05
3774,2023-09-13
3775,2023-11-05
3776,2023-02-24
3777,2023-08-04
3778,2023-11-25
3779,2023-09-19
3780,2023-10-26
3781,2023-11-18
3782,2023-03-08
3783,2022-12-26
3784,2023-10-13
3785,2023-10-09
3786,2023-02-11
3787,2023-11-23
3788,2022-12-06
3789,2023-04-26
3790,2023-12-16
3791,2023-04-17
3792,2023-09-27
3793,2022-12-12
3794,2023-06-10
3795,2023-10-05
3796,2023-10-30
3797,2023-05-20
3798,2022-12-27
3799,2023-06-27
3800,2023-09-18
3801,2023-05-26
3802,2023-12-14
3803,2023-04-01
3804,2023-10-20
3805,2023-09-24
3806,2023-05-18
3807,2023-01-05
3808,2023-04-14
3809,2023-09-29
3810,2023-11-18
3811,2023-05-28
3812,2023-03-23
3813,2023-09-29
3814,2023-12-06
3815,2023-01-22
3816,2023-04-03
3817,2023-10-10
3818,2023-01-16
3819,2023-12-21
3820,2023-03-01
3821,2023-06-09
3822,2023-06-22
3823,2023-04-25
3824,2023-01-18
3825,2022-12-09
3826,2023-04-27
3827,2023-03-14
3828,2023-11-24
3829,2023-08-19
3830,2023-01-03
3831,2023-09-25
3832,2023-07-30
3833,2023-01-16
3834,2023-05-07
3835,2023-09-17
3836,2023-08-12
3837,2023-07-14
3838,2023-06-10
3839,2023-08-30
3840,2023-11-12
3841,2023-02-03
3842,2023-05-06
3843,2023-11-01
3844,2023-06-18
3845,2023-02-05
3846,2023-01-18
3847,2023-09-13
3848,2023-06-11
3849,2023-10-09
3850,2023-01-11
3851,2023-07-27
3852,2023-07-18
3853,2023-05-29
3854,2023-05-16
3855,2023-03-15
3856,2023-10-06
3857,2023-04-08
3858,2023-05-13
3859,2023-11-05
3860,2023-08-06
3861,2022-12-12
3862,2022-12-20
3863,2023-06-30
3864,2023-09-07
3865,2023-06-03
3866,2023-12-14
3867,2023-11-02
3868,2023-05-25
3869,2023-03-01
3870,2022-11-30
3871,2022-12-10
3872,2023-07-26
3873,2023-04-09
3874,2023-01-24
3875,2022-12-26
3876,2023-06-02
3877,2023-07-18
3878,2022-12-09
3879,2023-05-13
3880,2023-05-23
3881,2022-12-19
3882,2023-11-11
3883,2023-02-26
3884,2023-01-20
3885,2023-01-19
3886,2023-06-14
3887,2023-09-06
3888,2023-03-08
3889,2023-09-29
3890,2023-03-11
3891,2023-02-09
3892,2023-08-11
3893,2023-10-02
3894,2023-09-22
3895,2023-07-07
3896,2023-11-11
3897,2023-11-01
3898,2023-03-18
3899,2023-08-04
3900,2022-12-25
3901,2022-12-28
3902,2023-05-22
3903,2023-09-04
3904,2023-07-18
3905,2023-01-31
3906,2023-09-18
3907,2023-07-27
3908,2023-09-25
3909,2023-07-29
3910,2023-11-07
3911,2023-04-20
3912,2022-12-09
3913,2023-07-24
3914,2023-12-24
3915,2023-01-05
3916,2023-12-18
3917,2023-10-01
3918,2022-12-11
3919,2023-07-02
3920,2023-04-01
3921,2023-08-15
3922,2023-09-29
3923,2023-04-25
3924,2023-06-06
3925,2022-12-12
3926,2022-11-28
3927,2023-09-26
3928,2023-04-17
3929,2023-11-13
3930,2023-07-16
3931,2023-05-04
3932,2023-11-13
3933,2022-12-19
3934,2023-10-24
3935,2022-12-26
3936,2023-12-10
3937,2023-07-11
3938,2023-06-02
3939,2023-08-16
3940,2023-10-12
3941,2023-03-21
3942,2023-01-06
3943,2023-12-18
3944,2023-06-22
3945,2023-03-21
3946,2023-11-28
3947,2022-12-12
3948,2023-10-28
3949,2022-12-04
3950,2023-08-16
3951,2022-12-12
3952,2023-01-25
3953,2023-04-06
3954,2023-02-07
3955,2022-12-14
3956,2023-08-25
3957,2023-09-27
3958,2023-04-06
3959,2023-09-02
3960,2023-04-07
3961,2023-02-21
3962,2023-11-01
3963,2023-06-25
3964,2022-12-05
3965,2023-09-02
3966,2023-05-03
3967,2022-12-26
3968,2023-03-02
3969,2023-04-03
3970,2022-12-07
3971,2023-09-14
3972,2023-02-21
3973,2023-01-28
3974,2023-02-08
3975,2023-09-08
3976,2023-06-16
3977,2023-10-18
3978,2023-05-20
3979,2023-08-26
3980,2023-06-03
3981,2023-07-22
3982,2023-11-13
3983,2023-07-30
3984,2023-06-12
3985,2023-11-08
3986,2023-08-09
3987,2023-12-05
3988,2023-08-12
3989,2023-08-28
3990,2023-06-21
3991,2023-11-01
3992,2023-03-28
3993,2023-07-02
3994,2023-11-23
3995,2023-02-20
3996,2023-05-21
3997,2022-12-07
3998,2023-07-13
3999,2023-04-14
4000,2023-07-08
4001,2023-03-01
4002,2023-10-24
4003,2023-12-26
4004,2023-06-28
4005,2023-07-29
4006,2023-05-28
4007,2023-03-26
4008,2023-05-30
4009,2023-06-12
4010,2023-10-04
4011,2023-08-30
4012,2023-04-07
4013,2023-07-31
4014,2023-12-05
4015,2023-05-13
4016,2023-10-31
4017,2023-06-04
4018,2023-01-21
4019,2023-02-07
4020,2023-04-02
4021,2023-07-17
4022,2023-11-24
4023,2023-05-03
4024,2023-03-18
4025,2023-08-15
4026,2023-04-03
4027,2023-05-20
4028,2023-02-21
4029,2023-03-24
4030,2022-12-18
4031,2023-07-12
4032,2023-06-06
4033,2023-02-03
4034,2023-09-24
4035,2023-02-15
4036,2023-08-17
4037,2023-01-10
4038,2022-12-08
4039,2023-01-15
4040,2023-06-24
4041,2023-02-06
4042,2023-04-08
4043,2023-06-30
4044,2023-08-10
4045,2023-10-06
4046,2023-05-08
4047,2023-01-08
4048,2023-12-24
4049,2023-10-04
4050,2023-10-24
4051,2023-12-01
4052,2023-09-03
4053,2023-12-29
4054,2023-06-21
4055,2023-07-09
4056,2023-07-21
4057,2023-06-18
4058,2023-05-22
4059,2023-04-08
4060,2023-10-10
4061,2023-04-07
4062,2023-11-25
4063,2023-09-22
4064,2023-12-31
4065,2023-08-12
4066,2023-07-24
4067,2023-04-09
4068,2023-08-26
4069,2023-07-17
4070,2023-05-05
4071,2022-12-24
4072,2022-11-30
4073,2023-02-27
4074,2023-09-04
4075,2023-11-29
4076,2023-12-05
4077,2023-06-25
4078,2023-11-05
4079,2022-11-28
4080,2023-11-13
4081,2023-12-17
4082,2023-05-06
4083,2022-12-15
4084,2023-09-08
4085,2022-12-02
4086,2023-08-09
4087,2023-04-04
4088,2023-07-01
4089,2023-11-29
4090,2023-01-26
4091,2022-12-10
4092,2023-07-15
4093,2023-09-01
4094,2023-03-26
4095,2023-01-31
4096,2023-09-04
4097,2023-08-29
4098,2023-12-09
4099,2023-11-07
4100,2023-09-14
4101,2022-12-04
4102,2023-03-10
4103,2023-08-16
4104,2023-06-01
4105,2022-12-17
4106,2023-07-10
4107,2023-09-26
4108,2023-09-13
4109,2023-12-01
4110,2023-01-25
4111,2023-12-13
4112,2023-06-25
4113,2023-03-29
4114,2023-11-06
4115,2023-01-07
4116,2022-12-08
4117,2023-09-15
4118,2023-09-14
4119,2023-01-02
4120,2023-11-14
4121,2023-10-29
4122,2023-10-11
4123,2023-05-02
4124,2023-12-04
4125,2023-01-18
4126,2023-10-06
4127,2023-10-29
4128,2023-06-22
4129,2023-04-14
4130,2023-06-05
4131,2022-12-16
4132,2022-12-09
4133,2023-04-11
4134,2022-12-04
4135,2023-08-08
4136,2023-08-09
4137,2023-11-03
4138,2023-03-17
4139,2023-10-18
4140,2023-03-29
4141,2023-07-02
4142,2023-10-15
4143,2023-04-18
4144,2023-01-10
4145,2023-10-19
4146,2023-03-20
4147,2023-02-21
4148,2023-08-28
4149,2023-06-28
4150,2022-12-09
4151,2023-11-27
4152,2023-06-22
4153,2023-03-15
4154,2022-12-31
4155,2023-08-28
4156,2023-09-27
4157,2023-09-22
4158,2023-08-07
4159,2023-11-12
4160,2023-07-28
4161,2023-03-03
4162,2023-02-23
4163,2023-04-29
4164,2023-09-12
4165,2022-12-05
4166,2023-03-27
4167,2023-05-19
4168,2023-07-13
4169,2023-01-24
4170,2023-01-02
4171,2023-11-26
4172,2023-01-04
4173,2022-12-28
4174,2023-02-12
4175,2023-04-13
4176,2023-02-21
4177,2023-10-18
4178,2023-01-16
4179,2023-01-21
4180,2023-01-13
4181,2023-08-15
4182,2023-11-13
4183,2023-01-31
4184,2023-07-06
4185,2023-04-24
4186,2023-08-02
4187,2023-08-13
4188,2023-03-22
4189,2023-07-26
4190,2022-12-19
4191,2023-06-09
4192,2023-12-19
4193,2023-11-21
4194,2022-12-18
4195,2022-12-19
4196,2023-10-22
4197,2023-02-18
4198,2023-08-20
4199,2023-07-02
4200,2023-05-09
4201,2023-03-30
4202,2023-09-21
4203,2023-03-10
4204,2023-09-28
4205,2023-02-28
4206,2023-11-13
4207,2023-09-03
4208,2023-07-02
4209,2023-01-05
4210,2023-02-20
4211,2023-08-06
4212,2023-07-14
4213,2023-01-07
4214,2023-01-05
4215,2023-07-27
4216,2023-04-26
4217,2023-06-04
4218,2023-07-29
4219,2023-11-01
4220,2023-03-07
4221,2023-08-31
4222,2023-11-08
4223,2023-11-27
4224,2023-12-22
4225,2022-11-28
4226,2022-12-27
4227,2023-11-09
4228,2023-02-17
4229,2023-03-23
4230,2023-06-04
4231,2023-08-16
4232,2022-12-12
4233,2023-08-13
4234,2023-01-03
4235,2023-04-24
4236,2023-11-22
4237,2023-01-16
4238,2022-12-15
4239,2023-06-05
4240,2023-03-05
4241,2023-03-05
4242,2023-05-15
4243,2023-02-03
4244,2022-12-05
4245,2023-12-02
4246,2023-10-17
4247,2023-05-10
4248,2023-10-25
4249,2023-12-30
4250,2023-05-03
4251,2023-01-28
4252,2023-02-15
4253,2023-12-16
4254,2023-11-18
4255,2023-09-02
4256,2023-08-25
4257,2023-03-29
4258,2023-06-24
4259,2023-04-23
4260,2023-05-02
4261,2023-09-13
4262,2023-06-30
4263,2023-05-17
4264,2023-03-06
4265,2023-08-16
4266,2023-05-25
4267,2022-12-17
4268,2023-08-28
4269,2023-04-10
4270,2023-05-10
4271,2023-12-27
4272,2023-08-27
4273,2022-12-23
4274,2023-09-18
4275,2023-03-23
4276,2023-09-24
4277,2023-04-15
4278,2023-07-12
4279,2023-08-31
4280,2023-02-08
4281,2023-01-20
4282,2023-09-03
4283,2022-12-25
4284,2023-10-20
4285,2023-05-19
4286,2023-01-03
4287,2023-09-28
4288,2023-11-20
4289,2022-12-23
4290,2023-12-08
4291,2023-05-11
4292,2023-08-21
4293,2023-03-13
4294,2023-01-10
4295,2023-12-26
4296,2023-08-15
4297,2023-03-09
4298,2023-04-18
4299,2023-09-26
4300,2023-03-28
4301,2023-08-29
4302,2022-12-11
4303,2023-12-26
4304,2023-09-12
4305,2023-04-10
4306,2023-07-11
4307,2023-02-04
4308,2023-05-26
4309,2023-04-17
4310,2023-05-01
4311,2023-10-18
4312,2023-05-10
4313,2022-11-29
4314,2023-05-27
4315,2022-12-17
4316,2023-06-05
4317,2023-08-25
4318,2023-01-05
4319,2022-12-22
4320,2023-04-28
4321,2023-06-07
4322,2022-12-22
4323,2023-04-06
4324,2023-10-03
4325,2023-07-13
4326,2023-06-23
4327,2023-01-07
4328,2023-10-12
4329,2023-07-21
4330,2023-05-17
4331,2023-07-30
4332,2023-01-27
4333,2023-08-24
4334,2023-03-26
4335,2022-12-13
4336,2023-02-28
4337,2023-04-22
4338,2023-05-21
4339,2023-02-26
4340,2023-10-08
4341,2023-03-12
4342,2023-01-12
4343,2023-02-23
4344,2023-05-06
4345,2022-12-14
4346,2023-01-02
4347,2023-01-28
4348,2023-05-02
4349,2023-12-12
4350,2023-07-18
4351,2022-12-29
4352,2022-12-24
4353,2023-01-07
4354,2022-12-23
4355,2023-06-17
4356,2023-09-15
4357,2023-05-19
4358,2023-05-08
4359,2023-07-22
4360,2023-04-16
4361,2023-10-16
4362,2023-08-28
4363,2023-12-25
4364,2022-12-30
4365,2023-05-19
4366,2023-11-05
4367,2023-08-23
4368,2023-10-03
4369,2023-06-02
4370,2023-05-01
4371,2023-09-24
4372,2023-06-02
4373,2023-05-08
4374,2023-05-05
4375,2023-01-15
4376,2023-10-07
4377,2023-11-02
4378,2022-12-08
4379,2023-05-06
4380,2023-08-22
4381,2023-01-26
4382,2023-03-28
4383,2023-12-16
4384,2023-10-04
4385,2023-11-12
4386,2023-12-25
4387,2023-08-26
4388,2023-03-18
4389,2023-12-13
4390,2023-05-24
4391,2023-06-30
4392,2023-07-04
4393,2023-07-04
4394,2023-07-05
4395,2023-10-03
4396,2023-01-28
4397,2023-05-22
4398,2023-07-18
4399,2023-07-07
4400,2023-09-12
4401,2023-04-09
4402,2023-12-09
4403,2022-12-02
4404,2023-09-13
4405,2023-02-02
4406,2023-07-26
4407,2022-12-06
4408,2023-02-28
4409,2023-05-02
4410,2023-01-05
4411,2023-04-07
4412,2023-08-07
4413,2023-01-30
4414,2023-08-04
4415,2023-06-02
4416,2023-10-28
4417,2023-08-09
4418,2023-05-24
4419,2023-10-23
4420,2023-02-03
4421,2023-07-11
4422,2023-02-24
4423,2023-05-26
4424,2023-06-05
4425,2023-07-24
4426,2023-03-31
4427,2023-08-18
4428,2023-02-07
4429,2023-02-01
4430,2023-01-09
4431,2023-06-07
4432,2023-05-10
4433,2023-10-23
4434,2023-04-11
4435,2023-07-17
4436,2023-12-18
4437,2023-07-31
4438,2023-11-04
4439,2023-06-18
4440,2023-02-08
4441,2023-05-25
4442,2023-09-24
4443,2023-01-12
4444,2023-06-07
4445,2023-06-22
4446,2023-12-02
4447,2023-12-22
4448,2023-07-28
4449,2023-02-19
4450,2023-02-16
4451,2023-07-24
4452,2023-02-13
4453,2023-08-23
4454,2023-12-18
4455,2023-02-09
4456,2023-11-29
4457,2022-12-12
4458,2023-06-08
4459,2023-04-30
4460,2023-07-10
4461,2023-06-08
4462,2023-07-03
4463,2023-01-14
4464,2023-09-28
4465,2023-12-09
4466,2023-06-04
4467,2023-11-04
4468,2023-01-15
4469,2023-09-15
4470,2023-04-05
4471,2023-08-21
4472,2023-07-12
4473,2022-12-14
4474,2023-04-16
4475,2023-05-19
4476,2023-10-18
4477,2023-01-09
4478,2023-12-11
4479,2022-12-16
4480,2023-03-03
4481,2023-01-22
4482,2023-11-17
4483,2023-07-11
4484,2023-09-09
4485,2023-08-29
4486,2023-07-19
4487,2023-03-26
4488,2023-01-18
4489,2023-05-20
4490,2023-05-10
4491,2023-05-20
4492,2023-12-30
4493,2023-01-17
4494,2023-08-13
4495,2023-01-28
4496,2023-07-21
4497,2023-08-24
4498,2022-12-11
4499,2023-05-30
4500,2023-04-04
4501,2023-06-10
4502,2023-06-10
4503,2023-06-03
4504,2023-08-10
4505,2023-02-15
4506,2023-11-04
4507,2023-10-29
4508,2023-05-29
4509,2023-11-25
4510,2023-03-16
4511,2023-02-17
4512,2023-03-19
4513,2023-10-05
4514,2023-01-21
4515,2023-03-28
4516,2023-01-24
4517,2023-05-23
4518,2023-03-29
4519,2023-10-19
4520,2023-09-29
4521,2023-11-15
4522,2023-05-11
4523,2023-06-27
4524,2023-11-05
4525,2023-09-08
4526,2023-12-11
4527,2023-12-24
4528,2022-12-27
4529,2023-03-01
4530,2023-09-07
4531,2023-01-05
4532,2022-12-31
4533,2023-01-21
4534,2022-12-25
4535,2023-08-20
4536,2023-03-17
4537,2023-12-09
4538,2023-01-06
4539,2023-05-28
4540,2023-08-19
4541,2023-04-20
4542,2023-09-09
4543,2023-10-29
4544,2023-08-09
4545,2023-07-27
4546,2023-07-15
4547,2023-12-29
4548,2023-10-05
4549,2022-12-21
4550,2023-10-02
4551,2023-01-31
4552,2023-11-10
4553,2023-04-05
4554,2023-08-31
4555,2023-09-18
4556,2023-04-18
4557,2023-12-17
4558,2023-06-24
4559,2023-05-15
4560,2023-06-11
4561,2023-03-30
4562,2023-01-09
4563,2023-12-24
4564,2023-10-17
4565,2023-10-18
4566,2023-11-27
4567,2023-07-29
4568,2023-12-25
4569,2023-12-26
4570,2023-03-06
4571,2023-05-22
4572,2023-01-04
4573,2023-09-03
4574,2023-01-10
4575,2023-09-28
4576,2023-10-14
4577,2023-05-10
4578,2023-08-06
4579,2023-12-11
4580,2023-09-25
4581,2023-05-22
4582,2023-11-24
4583,2022-12-13
4584,2023-02-25
4585,2023-04-07
4586,2023-04-21
4587,2023-08-22
4588,2023-10-09
4589,2022-12-18
4590,2023-03-10
4591,2023-10-20
4592,2023-06-17
4593,2023-03-31
4594,2023-05-23
4595,2023-07-27
4596,2023-07-23
4597,2023-10-24
4598,2023-12-27
4599,2023-10-16
4600,2023-01-07
4601,2023-05-14
4602,2023-06-08
4603,2023-08-05
4604,2023-12-15
4605,2023-05-24
4606,2023-04-15
4607,2023-11-21
4608,2023-09-19
4609,2023-05-29
4610,2023-12-03
4611,2023-03-28
4612,2023-03-03
4613,2022-12-05
4614,2022-12-29
4615,2023-11-07
4616,2022-12-27
4617,2023-09-28
4618,2022-12-26
4619,2023-02-27
4620,2023-04-16
4621,2023-02-20
4622,2023-01-16
4623,2023-12-27
4624,2023-05-08
4625,2023-05-15
4626,2023-09-24
4627,2023-11-27
4628,2023-03-26
4629,2023-05-27
4630,2023-06-06
4631,2023-03-11
4632,2023-01-16
4633,2023-11-30
4634,2023-09-02
4635,2023-08-25
4636,2023-04-03
4637,2023-08-18
4638,2023-01-20
4639,2023-01-13
4640,2023-12-13
4641,2023-02-26
4642,2023-09-30
4643,2023-03-18
4644,2023-08-14
4645,2023-07-29
4646,2023-09-12
4647,2023-12-13
4648,2023-05-16
4649,2023-11-08
4650,2023-03-26
4651,2023-12-17
4652,2023-06-14
4653,2023-10-30
4654,2023-10-23
4655,2023-08-07
4656,2023-12-17
4657,2023-08-24
4658,2023-07-27
4659,2023-03-08
4660,2023-04-26
4661,2022-11-29
4662,2023-09-10
4663,2023-07-27
4664,2023-09-01
4665,2023-08-05
4666,2023-03-05
4667,2023-12-31
4668,2023-05-20
4669,2023-09-02
4670,2023-01-19
4671,2023-07-23
4672,2023-05-06
4673,2023-12-03
4674,2023-09-28
4675,2023-12-05
4676,2023-04-01
4677,2023-08-18
4678,2023-08-07
4679,2023-03-07
4680,2023-04-07
4681,2023-08-23
4682,2023-01-24
4683,2023-05-06
4684,2023-09-19
4685,2023-10-29
4686,2023-07-20
4687,2023-08-21
4688,2023-10-23
4689,2023-02-27
4690,2023-08-25
4691,2023-09-17
4692,2023-10-19
4693,2023-07-28
4694,2023-01-27
4695,2022-12-17
4696,2023-07-30
4697,2023-03-17
4698,2023-04-22
4699,2023-05-30
4700,2023-09-21
4701,2023-04-17
4702,2023-07-17
4703,2023-06-14
4704,2022-12-18
4705,2023-08-30
4706,2023-06-28
4707,2023-02-23
4708,2023-09-20
4709,2023-01-05
4710,2023-03-12
4711,2023-03-02
4712,2023-08-15
4713,2023-12-27
4714,2023-10-29
4715,2023-01-21
4716,2022-12-23
4717,2023-10-08
4718,2023-07-16
4719,2023-04-19
4720,2023-11-17
4721,2023-02-06
4722,2023-01-16
4723,2023-06-14
4724,2023-03-14
4725,2023-02-27
4726,2023-08-04
4727,2023-03-28
4728,2023-07-19
4729,2023-07-11
4730,2023-10-10
4731,2023-12-22
4732,2023-08-05
4733,2023-03-21
4734,2023-07-15
4735,2023-06-07
4736,2023-05-26
4737,2023-04-13
4738,2022-12-28
4739,2023-03-05
4740,2023-07-21
4741,2022-12-25
4742,2023-01-28
4743,2023-07-13
4744,2023-12-30
4745,2023-02-01
4746,2022-12-28
4747,2023-04-15
4748,2022-12-27
4749,2023-11-20
4750,2023-10-07
4751,2023-01-12
4752,2023-01-06
4753,2023-07-01
4754,2023-05-08
4755,2023-08-31
4756,2023-12-02
4757,2023-04-09
4758,2023-10-08
4759,2023-04-09
4760,2023-02-28
4761,2023-12-20
4762,2023-03-07
4763,2023-01-23
4764,2023-07-21
4765,2023-07-23
4766,2023-06-09
4767,2022-12-31
4768,2023-01-12
4769,2023-09-26
4770,2023-01-29
4771,2023-03-17
4772,2023-10-14
4773,2023-04-11
4774,2023-04-13
4775,2023-11-28
4776,2023-10-12
4777,2023-09-06
4778,2023-02-10
4779,2023-03-20
4780,2023-07-24
4781,2023-10-28
4782,2023-06-17
4783,2023-09-20
4784,2023-04-06
4785,2023-04-22
4786,2023-07-28
4787,2023-07-11
4788,2023-01-15
4789,2023-05-01
4790,2023-11-04
4791,2023-06-28
4792,2023-09-20
4793,2023-10-23
4794,2023-03-21
4795,2023-02-28
4796,2023-07-17
4797,2023-06-06
4798,2023-11-22
4799,2023-02-08
4800,2023-05-14
4801,2022-12-16
4802,2023-04-21
4803,2023-07-19
4804,2023-10-12
4805,2023-10-30
4806,2022-11-27
4807,2023-11-10
4808,2023-08-28
4809,2023-02-15
4810,2023-02-21
4811,2023-10-03
4812,2023-08-31
4813,2023-02-17
4814,2023-05-21
4815,2023-11-05
4816,2022-12-05
4817,2023-06-19
4818,2023-11-11
4819,2022-11-28
4820,2023-07-03
4821,2023-07-08
4822,2023-04-01
4823,2023-06-30
4824,2023-09-04
4825,2023-03-20
4826,2023-06-13
4827,2023-06-29
4828,2022-12-10
4829,2023-02-20
4830,2023-08-14
4831,2023-06-10
4832,2023-12-19
4833,2023-11-02
4834,2023-02-23
4835,2023-12-30
4836,2023-11-07
4837,2023-05-14
4838,2023-08-02
4839,2023-03-18
4840,2022-12-28
4841,2023-03-01
4842,2023-09-14
4843,2023-07-13
4844,2023-05-22
4845,2023-06-07
4846,2023-10-10
4847,2023-09-01
4848,2023-08-08
4849,2023-06-15
4850,2022-11-28
4851,2023-04-09
4852,2023-01-16
4853,2023-10-02
4854,2023-04-16
4855,2023-03-04
4856,2023-06-07
4857,2023-06-06
4858,2023-12-04
4859,2023-02-06
4860,2023-10-21
4861,2023-02-21
4862,2023-10-13
4863,2023-06-30
4864,2023-06-30
4865,2023-09-04
4866,2023-01-03
4867,2023-10-11
4868,2023-09-21
4869,2023-02-14
4870,2022-12-31
4871,2023-09-12
4872,2023-01-02
4873,2023-07-16
4874,2023-03-09
4875,2023-09-10
4876,2023-12-01
4877,2023-10-29
4878,2023-09-22
4879,2023-08-11
4880,2022-12-27
4881,2023-12-11
4882,2023-11-29
4883,2022-12-21
4884,2023-10-06
4885,2023-01-08
4886,2023-07-26
4887,2023-03-06
4888,2023-01-16
4889,2023-02-27
4890,2023-04-04
4891,2023-04-15
4892,2023-03-27
4893,2023-05-31
4894,2023-08-10
4895,2023-05-31
4896,2023-07-20
4897,2023-04-29
4898,2023-03-17
4899,2023-01-25
4900,2023-03-31
4901,2023-02-11
4902,2023-06-22
4903,2023-08-15
4904,2023-10-31
4905,2023-03-24
4906,2023-01-16
4907,2023-10-19
4908,2023-09-13
4909,2023-04-02
4910,2023-12-30
4911,2023-08-10
4912,2023-09-22
4913,2023-04-16
4914,2023-05-22
4915,2023-04-15
4916,2023-09-15
4917,2023-10-18
4918,2023-11-06
4919,2023-04-08
4920,2023-09-30
4921,2023-08-27
4922,2022-12-02
4923,2023-10-11
4924,2023-01-18
4925,2023-01-17
4926,2023-01-08
4927,2023-07-04
4928,2022-12-09
4929,2023-06-16
4930,2023-09-08
4931,2023-06-29
4932,2023-03-13
4933,2023-04-09
4934,2023-09-11
4935,2023-04-11
4936,2023-08-20
4937,2023-08-29
4938,2023-06-24
4939,2023-04-24
4940,2022-12-20
4941,2023-09-20
4942,2023-03-29
4943,2023-05-27
4944,2022-12-07
4945,2023-09-19
4946,2023-11-26
4947,2023-11-13
4948,2023-03-30
4949,2023-01-01
4950,2023-01-03
4951,2023-04-28
4952,2022-11-28
4953,2023-02-06
4954,2023-07-29
4955,2022-12-13
4956,2023-08-02
4957,2023-11-09
4958,2023-12-29
4959,2023-12-20
4960,2023-03-22
4961,2023-08-12
4962,2022-12-15
4963,2023-03-02
4964,2023-10-04
4965,2023-02-16
4966,2023-03-28
4967,2023-05-10
4968,2023-04-08
4969,2023-09-18
4970,2023-11-25
4971,2023-06-30
4972,2023-07-15
4973,2023-09-15
4974,2023-05-06
4975,2023-05-27
4976,2023-12-12
4977,2023-04-30
4978,2023-03-13
4979,2022-12-05
4980,2022-12-05
4981,2023-09-30
4982,2023-02-27
4983,2023-09-19
4984,2022-12-14
4985,2023-10-11
4986,2023-05-09
4987,2023-10-19
4988,2023-10-25
4989,2023-07-13
4990,2023-12-22
4991,2023-12-10
4992,2023-09-03
4993,2023-06-11
4994,2023-12-02
4995,2023-12-19
4996,2023-05-09
4997,2023-04-05
4998,2023-03-28
4999,2023-12-06
5000,2023-01-27
5001,2022-11-28
5002,2023-06-15
5003,2023-12-12
5004,2023-04-06
5005,2023-06-16
5006,2023-01-09
5007,2023-10-21
5008,2023-12-04
5009,2023-08-07
5010,2023-01-15
5011,2023-01-05
5012,2023-09-18
5013,2023-01-17
5014,2022-12-24
5015,2023-11-18
5016,2023-06-25
5017,2023-07-23
5018,2023-08-23
5019,2023-04-13
5020,2023-02-28
5021,2023-06-22
5022,2022-12-27
5023,2023-03-25
5024,2023-07-22
5025,2023-12-09
5026,2023-07-26
5027,2023-09-23
5028,2023-03-31
5029,2022-12-19
5030,2023-04-26
5031,2023-08-30
5032,2022-12-15
5033,2023-11-08
5034,2023-03-25
5035,2023-08-29
5036,2023-11-15
5037,2023-07-29
5038,2023-02-03
5039,2023-03-09
5040,2023-06-02
5041,2023-12-23
5042,2023-08-24
5043,2023-07-31
5044,2023-10-14
5045,2023-01-22
5046,2022-12-29
5047,2023-07-18
5048,2023-07-21
5049,2023-03-09
5050,2023-08-04
5051,2023-01-27
5052,2023-02-13
5053,2023-11-19
5054,2022-12-09
5055,2023-07-08
5056,2023-10-30
5057,2023-09-08
5058,2023-05-22
5059,2023-04-01
5060,2022-12-21
5061,2023-01-15
5062,2023-07-16
5063,2023-06-26
5064,2023-04-26
5065,2023-03-23
5066,2022-12-29
5067,2023-01-15
5068,2023-03-21
5069,2023-12-01
5070,2023-04-06
5071,2023-01-12
5072,2023-07-14
5073,2023-01-16
5074,2023-05-07
5075,2023-09-14
5076,2023-01-08
5077,2023-12-01
5078,2023-08-08
5079,2023-11-27
5080,2023-09-14
5081,2023-12-18
5082,2023-06-17
5083,2022-12-03
5084,2022-12-22
5085,2023-02-08
5086,2023-01-07
5087,2023-10-16
5088,2023-12-09
5089,2023-08-02
5090,2023-02-10
5091,2023-12-23
5092,2023-03-29
5093,2023-11-14
5094,2023-08-29
5095,2023-05-21
5096,2023-10-09
5097,2023-08-19
5098,2023-11-26
5099,2023-07-28
5100,2023-05-04
5101,2023-01-03
5102,2023-12-28
5103,2023-10-05
5104,2023-01-07
5105,2023-07-27
5106,2023-10-23
5107,2023-09-02
5108,2023-03-15
5109,2023-01-21
5110,2023-12-06
5111,2023-04-24
5112,2023-11-09
5113,2023-06-01
5114,2023-09-27
5115,2023-03-04
5116,2023-07-26
5117,2023-07-09
5118,2023-02-20
5119,2023-08-26
5120,2023-05-30
5121,2023-08-15
5122,2022-12-10
5123,2023-01-15
5124,2023-09-06
5125,2023-12-30
5126,2023-01-12
5127,2022-12-07
5128,2023-03-10
5129,2022-12-14
5130,2023-03-05
5131,2023-08-30
5132,2023-10-08
5133,2023-08-06
5134,2023-05-06
5135,2023-01-27
5136,2023-06-28
5137,2023-12-17
5138,2023-02-18
5139,2023-07-02
5140,2023-04-09
5141,2023-04-19
5142,2023-06-19
5143,2023-02-02
5144,2023-02-12
5145,2022-12-13
5146,2023-08-29
5147,2023-11-25
5148,2023-05-25
5149,2023-08-02
5150,2023-12-25
5151,2023-09-26
5152,2023-03-05
5153,2023-10-03
5154,2023-05-04
5155,2023-12-15
5156,2023-12-01
5157,2022-12-13
5158,2023-11-16
5159,2023-03-03
5160,2023-06-08
5161,2023-09-22
5162,2023-01-15
5163,2022-12-03
5164,2023-05-09
5165,2023-07-17
5166,2023-07-19
5167,2023-12-12
5168,2023-03-08
5169,2023-09-07
5170,2023-02-11
5171,2023-05-25
5172,2023-06-27
5173,2023-05-17
5174,2023-02-05
5175,2023-02-11
5176,2023-11-11
5177,2023-12-12
5178,2022-12-26
5179,2023-02-28
5180,2023-12-26
5181,2023-01-12
5182,2023-06-30
5183,2023-03-22
5184,2023-12-25
5185,2023-09-20
5186,2023-09-23
5187,2022-12-23
5188,2023-01-27
5189,2023-10-10
5190,2023-02-25
5191,2023-05-19
5192,2023-01-08
5193,2022-12-05
5194,2023-09-14
5195,2023-02-05
5196,2023-02-02
5197,2023-10-30
5198,2023-09-08
5199,2023-02-20
5200,2023-11-05
5201,2023-12-20
5202,2023-05-10
5203,2023-05-27
5204,2023-08-18
5205,2023-01-24
5206,2023-11-20
5207,2023-01-16
5208,2023-09-24
5209,2023-07-15
5210,2023-01-18
5211,2023-05-22
5212,2023-03-24
5213,2023-12-06
5214,2023-06-29
5215,2023-04-23
5216,2023-03-12
5217,2023-01-23
5218,2023-06-17
5219,2023-06-18
5220,2023-12-13
5221,2023-08-13
5222,2023-05-27
5223,2023-04-24
5224,2023-03-11
5225,2023-08-12
5226,2023-01-24
5227,2022-11-29
5228,2023-11-22
5229,2022-12-10
5230,2023-02-26
5231,2023-07-08
5232,2023-02-12
5233,2023-08-22
5234,2023-07-05
5235,2022-12-27
5236,2023-05-30
5237,2023-10-25
5238,2023-04-30
5239,2023-08-25
5240,2023-07-16
5241,2023-05-30
5242,2023-07-12
5243,2023-06-09
5244,2022-12-24
5245,2023-05-20
5246,2023-05-11
5247,2023-10-04
5248,2023-09-11
5249,2023-07-14
5250,2023-04-28
5251,2023-08-06
5252,2023-12-31
5253,2023-10-27
5254,2023-03-01
5255,2023-03-19
5256,2023-06-13
5257,2023-08-18
5258,2023-08-23
5259,2023-10-06
5260,2023-07-04
5261,2023-10-22
5262,2022-12-12
5263,2023-02-21
5264,2023-06-20
5265,2023-06-23
5266,2023-12-18
5267,2023-08-17
5268,2023-05-08
5269,2023-07-19
5270,2023-01-12
5271,2023-05-02
5272,2022-12-05
5273,2023-01-26
5274,2023-05-10
5275,2022-11-29
5276,2023-02-09
5277,2023-11-19
5278,2023-10-26
5279,2023-07-12
5280,2023-12-12
5281,2022-12-09
5282,2023-12-08
5283,2023-06-13
5284,2023-04-25
5285,2023-10-09
5286,2023-05-27
5287,2023-07-25
5288,2023-04-02
5289,2023-06-24
5290,2023-01-17
5291,2023-02-20
5292,2023-07-08
5293,2023-12-09
5294,2023-02-09
5295,2023-07-16
5296,2022-12-20
5297,2023-06-17
5298,2023-11-01
5299,2023-04-11
5300,2023-10-12
5301,2023-05-03
5302,2023-12-02
5303,2023-08-05
5304,2023-04-06
5305,2023-03-13
5306,2023-11-10
5307,2023-06-07
5308,2023-05-05
5309,2023-07-19
5310,2022-12-26
5311,2023-02-08
5312,2023-05-29
5313,2023-03-23
5314,2023-07-06
5315,2023-04-15
5316,2023-05-18
5317,2023-10-04
5318,2023-10-07
5319,2023-03-23
5320,2023-04-16
5321,2023-08-09
5322,2023-11-30
5323,2023-07-02
5324,2022-12-26
5325,2023-07-23
5326,2023-09-11
5327,2023-12-06
5328,2023-12-03
5329,2023-08-30
5330,2023-07-06
5331,2023-02-02
5332,2023-11-13
5333,2023-06-05
5334,2023-08-30
5335,2023-09-17
5336,2022-12-02
5337,2023-04-25
5338,2023-08-22
5339,2023-06-04
5340,2023-08-16
5341,2023-07-09
5342,2022-11-27
5343,2023-03-29
5344,2023-05-09
5345,2023-04-29
5346,2022-12-12
5347,2022-12-04
5348,2023-03-24
5349,2023-11-02
5350,2023-12-26
5351,2023-10-27
5352,2023-12-08
5353,2023-12-02
5354,2023-08-27
5355,2023-01-15
5356,2023-04-22
5357,2023-09-17
5358,2023-05-04
5359,2023-03-14
5360,2022-12-12
5361,2023-04-11
5362,2023-04-11
5363,2023-10-18
5364,2023-10-06
5365,2023-01-11
5366,2023-06-22
5367,2023-11-23
5368,2023-06-05
5369,2023-12-14
5370,2023-01-02
5371,2023-04-04
5372,2023-11-29
5373,2023-09-09
5374,2023-03-20
5375,2023-11-18
5376,2023-04-29
5377,2023-10-10
5378,2023-04-08
5379,2023-04-11
5380,2023-04-07
5381,2023-04-22
5382,2023-07-24
5383,2023-10-16
5384,2023-08-04
5385,2022-12-07
5386,2023-07-24
5387,2023-05-18
5388,2022-12-24
5389,2023-04-08
5390,2023-12-19
5391,2023-04-15
5392,2023-09-08
5393,2023-02-14
5394,2023-11-15
5395,2023-10-18
5396,2023-01-29
5397,2023-08-30
5398,2023-12-04
5399,2023-11-23
5400,2023-09-11
5401,2023-09-14
5402,2023-06-15
5403,2023-01-25
5404,2022-12-06
5405,2023-03-24
5406,2023-03-08
5407,2023-11-27
5408,2023-10-28
5409,2023-04-05
5410,2023-04-27
5411,2023-09-20
5412,2023-08-25
5413,2023-11-16
5414,2023-09-15
5415,2023-08-30
5416,2023-10-03
5417,2023-11-19
5418,2023-04-28
5419,2023-03-07
5420,2023-11-25
5421,2023-01-30
5422,2023-03-23
5423,2023-01-20
5424,2023-10-27
5425,2023-11-28
5426,2023-05-15
5427,2023-01-05
5428,2023-02-28
5429,2023-07-16
5430,2023-04-13
5431,2023-09-23
5432,2023-10-12
5433,2023-05-20
5434,2023-07-30
5435,2022-12-22
5436,2023-01-20
5437,2023-04-10
5438,2023-01-15
5439,2022-12-02
5440,2023-08-28
5441,2022-12-06
5442,2023-03-02
5443,2023-09-11
5444,2023-02-18
5445,2023-02-26
5446,2023-09-22
5447,2022-12-05
5448,2023-04-05
5449,2023-06-29
5450,2022-12-24
5451,2023-08-14
5452,2023-05-15
5453,2023-03-31
5454,2023-07-12
5455,2022-12-12
5456,2023-07-25
5457,2023-05-31
5458,2022-12-20
5459,2023-10-07
5460,2023-05-27
5461,2022-12-24
5462,2023-04-19
5463,2023-09-21
5464,2023-05-25
5465,2023-04-30
5466,2022-12-13
5467,2022-12-22
5468,2023-03-25
5469,2023-03-15
5470,2023-08-11
5471,2023-06-03
5472,2023-01-16
5473,2023-08-14
5474,2023-12-15
5475,2023-11-05
5476,2023-12-29
5477,2023-06-07
5478,2023-04-20
5479,2022-12-19
5480,2023-08-26
5481,2023-05-22
5482,2023-08-08
5483,2023-03-27
5484,2023-02-01
5485,2023-08-30
5486,2023-05-01
5487,2023-06-26
5488,2023-12-24
5489,2023-03-19
5490,2023-01-17
5491,2023-09-07
5492,2023-07-15
5493,2023-05-05
5494,2023-07-24
5495,2023-12-01
5496,2023-02-02
5497,2023-10-09
5498,2023-06-29
5499,2023-10-15
5500,2023-11-28
5501,2023-01-29
5502,2023-01-12
5503,2022-11-28
5504,2023-02-10
5505,2023-04-14
5506,2023-03-09
5507,2023-10-22
5508,2023-09-23
5509,2023-04-16
5510,2023-07-15
5511,2023-04-01
5512,2023-06-16
5513,2023-03-23
5514,2023-10-09
5515,2023-02-26
5516,2023-12-23
5517,2023-12-04
5518,2023-02-13
5519,2023-07-13
5520,2023-10-17
5521,2023-10-30
5522,2023-04-24
5523,2023-07-04
5524,2023-01-24
5525,2023-03-07
5526,2023-03-09
5527,2023-03-21
5528,2023-05-05
5529,2023-08-29
5530,2023-11-21
5531,2023-07-17
5532,2023-06-06
5533,2023-09-04
5534,2023-07-30
5535,2023-05-24
5536,2022-12-10
5537,2023-07-01
5538,2022-12-22
5539,2023-07-29
5540,2023-12-07
5541,2023-10-12
5542,2023-10-28
5543,2023-05-30
5544,2023-06-10
5545,2023-06-25
5546,2023-02-15
5547,2023-12-24
5548,2022-12-13
5549,2023-12-28
5550,2023-12-22
5551,2023-12-08
5552,2022-11-29
5553,2023-12-13
5554,2023-03-02
5555,2023-03-11
5556,2023-08-27
5557,2023-05-05
5558,2023-12-07
5559,2023-06-13
5560,2023-01-12
5561,2023-03-02
5562,2023-10-02
5563,2023-07-15
5564,2023-04-08
5565,2023-02-22
5566,2023-08-25
5567,2023-03-13
5568,2023-01-04
5569,2023-07-07
5570,2023-11-07
5571,2023-03-30
5572,2023-09-05
5573,2023-05-24
5574,2023-12-14
5575,2023-07-27
5576,2023-06-15
5577,2023-02-26
5578,2023-11-17
5579,2022-12-15
5580,2023-07-01
5581,2023-03-13
5582,2023-06-20
5583,2023-12-25
5584,2023-01-03
5585,2022-12-17
5586,2023-10-18
5587,2023-09-02
5588,2023-05-10
5589,2023-02-23
5590,2023-07-25
5591,2023-03-09
5592,2023-08-14
5593,2023-05-07
5594,2023-10-02
5595,2023-08-17
5596,2023-07-15
5597,2023-01-05
5598,2023-08-01
5599,2023-09-02
5600,2023-06-23
5601,2023-07-22
5602,2023-07-30
5603,2023-02-28
5604,2023-05-23
5605,2023-01-16
5606,2023-10-03
5607,2023-01-24
5608,2023-10-17
5609,2023-08-08
5610,2023-06-21
5611,2023-06-16
5612,2023-01-24
5613,2023-08-14
5614,2023-04-25
5615,2023-10-06
5616,2023-10-28
5617,2023-11-28
5618,2023-11-28
5619,2023-09-27
5620,2023-03-13
5621,2023-03-16
5622,2023-12-08
5623,2023-12-17
5624,2023-03-17
5625,2023-08-13
5626,2023-11-29
5627,2023-11-01
5628,2023-12-06
5629,2023-04-16
5630,2023-06-16
5631,2023-07-24
5632,2023-12-12
5633,2023-12-25
5634,2023-07-04
5635,2023-11-03
5636,2023-04-27
5637,2023-07-26
5638,2023-10-17
5639,2023-11-16
5640,2023-01-09
5641,2022-12-26
5642,2023-02-21
5643,2023-01-06
5644,2023-02-20
5645,2023-12-11
5646,2023-08-02
5647,2023-01-04
5648,2023-09-06
5649,2023-12-07
5650,2023-10-27
5651,2023-11-04
5652,2023-11-21
5653,2023-09-23
5654,2023-11-12
5655,2023-10-11
5656,2023-08-26
5657,2023-02-14
5658,2023-11-27
5659,2023-01-01
5660,2023-03-17
5661,2023-09-11
5662,2023-09-13
5663,2023-11-15
5664,2022-12-27
5665,2023-10-08
5666,2023-01-16
5667,2023-07-28
5668,2023-02-25
5669,2023-07-12
5670,2023-01-07
5671,2022-12-10
5672,2023-12-18
5673,2023-06-19
5674,2023-06-01
5675,2023-05-03
5676,2023-11-24
5677,2023-10-06
5678,2023-06-05
5679,2023-01-15
5680,2023-09-02
5681,2023-02-16
5682,2023-04-04
5683,2023-08-18
5684,2023-12-12
5685,2023-02-23
5686,2022-12-10
5687,2023-05-15
5688,2023-09-01
5689,2023-08-17
5690,2023-12-12
5691,2023-02-18
5692,2023-10-08
5693,2023-10-02
5694,2023-10-24
5695,2023-11-22
5696,2023-03-26
5697,2023-03-30
5698,2023-05-26
5699,2023-04-15
5700,2023-01-20
5701,2023-04-07
5702,2023-04-26
5703,2023-09-26
5704,2022-11-30
5705,2023-09-23
5706,2023-10-04
5707,2023-01-19
5708,2023-12-13
5709,2023-09-12
5710,2023-09-03
5711,2023-09-29
5712,2023-10-17
5713,2023-05-06
5714,2023-06-20
5715,2023-07-29
5716,2023-02-11
5717,2022-12-21
5718,2023-09-11
5719,2023-03-06
5720,2023-03-26
5721,2023-01-07
5722,2023-05-29
5723,2023-07-12
5724,2023-11-22
5725,2023-06-11
5726,2023-04-25
5727,2023-10-10
5728,2023-03-22
5729,2022-12-01
5730,2022-12-09
5731,2023-10-30
5732,2023-09-03
5733,2023-02-07
5734,2023-02-21
5735,2023-10-27
5736,2023-08-09
5737,2023-06-07
5738,2023-04-22
5739,2023-04-28
5740,2023-10-08
5741,2023-02-13
5742,2023-11-17
5743,2023-03-02
5744,2023-03-01
5745,2023-04-26
5746,2023-10-09
5747,2022-11-29
5748,2023-01-27
5749,2023-04-26
5750,2023-01-22
5751,2023-04-29
5752,2023-05-17
5753,2023-08-01
5754,2023-04-05
5755,2023-06-30
5756,2023-12-26
5757,2023-05-30
5758,2023-10-14
5759,2023-03-16
5760,2023-11-18
5761,2023-07-12
5762,2023-01-20
5763,2023-11-24
5764,2023-09-08
5765,2023-04-13
5766,2023-07-26
5767,2023-12-10
5768,2023-01-05
5769,2022-12-12
5770,2023-10-10
5771,2023-03-22
5772,2023-11-03
5773,2023-10-01
5774,2023-11-27
5775,2023-09-26
5776,2023-12-07
5777,2023-08-01
5778,2023-01-09
5779,2023-02-18
5780,2023-11-14
5781,2023-03-23
5782,2023-12-10
5783,2023-11-11
5784,2023-08-30
5785,2023-01-20
5786,2023-02-08
5787,2023-09-20
5788,2023-05-06
5789,2023-05-06
5790,2023-01-02
5791,2023-05-29
5792,2022-11-28
5793,2023-01-22
5794,2023-11-30
5795,2023-09-24
5796,2023-12-20
5797,2023-11-26
5798,2023-11-29
5799,2023-05-08
5800,2023-03-08
5801,2023-08-28
5802,2023-08-02
5803,2023-05-19
5804,2023-06-14
5805,2023-02-15
5806,2023-06-13
5807,2023-12-17
5808,2023-05-17
5809,2023-06-21
5810,2023-12-08
5811,2023-11-03
5812,2023-10-09
5813,2022-11-29
5814,2023-10-31
5815,2022-12-27
5816,2022-12-10
5817,2023-04-17
5818,2023-05-10
5819,2023-01-14
5820,2023-07-24
5821,2023-11-30
5822,2023-08-17
5823,2023-12-16
5824,2023-11-19
5825,2023-10-19
5826,2023-02-01
5827,2023-08-09
5828,2023-01-02
5829,2023-10-01
5830,2023-11-19
5831,2023-01-13
5832,2023-06-17
5833,2023-01-16
5834,2023-06-30
5835,2023-05-26
5836,2023-11-18
5837,2023-03-15
5838,2023-09-22
5839,2023-08-17
5840,2023-09-15
5841,2023-12-16
5842,2023-02-09
5843,2022-12-02
5844,2023-08-02
5845,2023-01-14
5846,2023-05-26
5847,2023-06-23
5848,2023-07-29
5849,2022-12-01
5850,2023-07-15
5851,2023-10-04
5852,2022-12-07
5853,2023-05-03
5854,2023-04-13
5855,2023-04-12
5856,2023-05-29
5857,2023-01-22
5858,2023-06-15
5859,2022-12-27
5860,2023-01-05
5861,2023-06-29
5862,2023-11-21
5863,2023-09-06
5864,2023-04-09
5865,2023-04-14
5866,2023-06-10
5867,2022-12-10
5868,2023-08-19
5869,2023-01-19
5870,2023-09-10
5871,2023-04-25
5872,2023-04-27
5873,2023-05-22
5874,2023-01-17
5875,2023-03-02
5876,2023-02-17
5877,2023-10-31
5878,2023-02-01
5879,2023-01-17
5880,2023-03-04
5881,2023-05-15
5882,2023-07-26
5883,2023-05-15
5884,2023-06-29
5885,2023-06-22
5886,2023-02-02
5887,2022-11-29
5888,2023-08-26
5889,2023-12-09
5890,2022-12-22
5891,2023-11-29
5892,2023-11-25
5893,2023-10-08
5894,2023-07-11
5895,2023-04-11
5896,2023-07-21
5897,2022-12-01
5898,2023-03-21
5899,2023-05-03
5900,2023-06-19
5901,2023-03-16
5902,2023-05-16
5903,2023-09-13
5904,2023-12-12
5905,2023-10-22
5906,2022-12-27
5907,2023-07-20
5908,2023-05-29
5909,2023-06-23
5910,2023-10-09
5911,2023-04-06
5912,2023-07-02
5913,2023-11-16
5914,2023-07-11
5915,2023-07-07
5916,2023-11-26
5917,2022-12-08
5918,2023-04-26
5919,2023-06-12
5920,2022-11-27
5921,2023-06-04
5922,2023-12-02
5923,2023-10-08
5924,2022-12-10
5925,2023-11-12
5926,2023-10-11
5927,2023-11-12
5928,2023-01-21
5929,2023-11-20
5930,2022-12-05
5931,2022-12-10
5932,2023-04-17
5933,2023-10-19
5934,2023-11-07
5935,2023-08-07
5936,2022-12-11
5937,2023-11-11
5938,2023-03-12
5939,2023-09-20
5940,2023-03-18
5941,2023-07-11
5942,2023-01-03
5943,2023-12-31
5944,2023-01-03
5945,2023-12-14
5946,2023-11-25
5947,2023-01-26
5948,2023-09-01
5949,2023-04-13
5950,2023-03-31
5951,2023-04-06
5952,2023-03-02
5953,2023-12-16
5954,2022-12-14
5955,2023-04-17
5956,2023-04-19
5957,2023-05-13
5958,2023-03-27
5959,2023-08-19
5960,2023-11-28
5961,2023-08-20
5962,2023-02-23
5963,2023-12-30
5964,2023-05-08
5965,2023-03-31
5966,2023-08-26
5967,2023-12-21
5968,2023-04-04
5969,2023-02-15
5970,2023-10-05
5971,2023-06-05
5972,2023-09-13
5973,2023-05-27
5974,2022-12-11
5975,2023-04-20
5976,2023-11-04
5977,2023-12-06
5978,2023-04-21
5979,2023-08-31
5980,2023-01-04
5981,2023-02-21
5982,2023-09-02
5983,2022-12-13
5984,2023-09-21
5985,2023-12-17
5986,2022-12-25
5987,2023-07-17
5988,2023-04-17
5989,2023-08-11
5990,2023-11-20
5991,2022-12-29
5992,2023-08-21
5993,2023-02-08
5994,2023-06-28
5995,2023-05-22
5996,2023-06-16
5997,2023-09-29
5998,2023-07-28
5999,2023-04-14
6000,2023-08-15
6001,2023-07-23
6002,2022-12-24
6003,2023-07-30
6004,2023-04-09
6005,2023-01-24
6006,2023-06-25
6007,2023-06-21
6008,2023-09-15
6009,2023-05-18
6010,2023-09-20
6011,2023-03-19
6012,2023-07-27
6013,2023-12-17
6014,2023-07-19
6015,2023-08-26
6016,2023-04-23
6017,2023-08-24
6018,2023-10-26
6019,2023-11-11
6020,2023-11-28
6021,2023-03-29
6022,2023-10-31
6023,2023-04-15
6024,2023-11-10
6025,2022-11-29
6026,2023-11-25
6027,2023-02-21
6028,2023-02-15
6029,2023-07-08
6030,2023-06-20
6031,2023-01-28
6032,2023-06-28
6033,2023-10-13
6034,2023-06-09
6035,2023-07-17
6036,2023-11-01
6037,2023-02-06
6038,2023-04-06
6039,2023-11-19
6040,2023-01-30
6041,2023-03-08
6042,2023-03-16
6043,2023-10-22
6044,2023-01-23
6045,2023-04-25
6046,2023-05-07
6047,2022-12-29
6048,2023-01-12
6049,2023-04-26
6050,2023-01-01
6051,2023-12-23
6052,2023-05-26
6053,2022-11-29
6054,2023-07-25
6055,2023-09-25
6056,2023-07-28
6057,2023-07-13
6058,2023-01-02
6059,2023-09-14
6060,2023-12-20
6061,2023-04-21
6062,2023-01-14
6063,2023-02-20
6064,2023-08-18
6065,2023-08-11
6066,2023-11-17
6067,2023-05-08
6068,2023-11-15
6069,2023-03-17
6070,2023-06-19
6071,2023-08-17
6072,2023-03-17
6073,2023-04-23
6074,2023-10-24
6075,2023-07-16
6076,2023-07-30
6077,2023-08-03
6078,2023-10-09
6079,2023-12-20
6080,2023-05-05
6081,2023-04-17
6082,2023-11-27
6083,2023-06-06
6084,2023-12-03
6085,2023-11-14
6086,2023-09-17
6087,2023-09-11
6088,2023-12-09
6089,2023-03-16
6090,2023-05-27
6091,2023-07-03
6092,2023-02-12
6093,2023-06-21
6094,2023-08-16
6095,2023-06-16
6096,2023-08-15
6097,2023-01-06
6098,2023-06-11
6099,2023-12-03
6100,2023-03-11
6101,2023-05-28
6102,2023-08-03
6103,2023-08-04
6104,2023-02-07
6105,2023-01-11
6106,2023-09-24
6107,2023-06-28
6108,2023-11-24
6109,2023-12-28
6110,2023-02-01
6111,2023-04-20
6112,2023-10-21
6113,2023-03-24
6114,2023-02-14
6115,2023-01-28
6116,2023-06-15
6117,2023-04-28
6118,2023-12-03
6119,2023-12-17
6120,2022-12-30
6121,2023-11-23
6122,2023-01-01
6123,2023-09-10
6124,2023-12-15
6125,2023-04-14
6126,2023-01-29
6127,2022-12-23
6128,2023-04-12
6129,2023-12-12
6130,2023-05-29
6131,2023-05-13
6132,2022-11-29
6133,2023-08-20
6134,2023-02-10
6135,2023-08-29
6136,2023-10-24
6137,2023-10-02
6138,2023-06-22
6139,2023-08-14
6140,2023-05-03
6141,2023-09-06
6142,2023-08-26
6143,2023-02-10
6144,2023-04-05
6145,2023-10-03
6146,2023-05-21
6147,2023-03-01
6148,2023-12-29
6149,2023-11-09
6150,2023-10-02
6151,2023-05-14
6152,2023-07-06
6153,2023-12-10
6154,2023-06-25
6155,2023-10-23
6156,2023-10-30
6157,2023-10-14
6158,2023-07-25
6159,2023-04-14
6160,2023-04-11
6161,2023-10-17
6162,2023-05-13
6163,2023-03-05
6164,2023-02-08
6165,2023-07-31
6166,2023-12-15
6167,2023-04-27
6168,2023-08-14
6169,2023-03-30
6170,2023-05-05
6171,2023-05-09
6172,2023-04-19
6173,2023-10-31
6174,2023-11-24
6175,2023-03-14
6176,2023-04-20
6177,2022-12-04
6178,2023-09-25
6179,2023-09-06
6180,2023-10-27
6181,2023-07-08
6182,2023-11-25
6183,2023-01-22
6184,2023-04-25
6185,2023-05-25
6186,2023-09-29
6187,2023-02-22
6188,2023-04-06
6189,2023-01-03
6190,2023-12-09
6191,2023-05-27
6192,2022-12-01
6193,2023-03-01
6194,2023-07-13
6195,2023-06-11
6196,2023-06-18
6197,2022-12-21
6198,2023-11-13
6199,2023-10-24
6200,2023-02-21
6201,2023-04-22
6202,2022-12-31
6203,2023-01-17
6204,2023-10-31
6205,2023-01-11
6206,2023-04-16
6207,2023-12-29
6208,2023-04-05
6209,2023-08-28
6210,2023-01-08
6211,2023-11-11
6212,2023-11-30
6213,2023-11-27
6214,2023-08-07
6215,2023-12-20
6216,2023-08-30
6217,2023-04-26
6218,2023-11-21
6219,2023-03-16
6220,2023-10-30
6221,2023-12-04
6222,2023-05-26
6223,2023-02-27
6224,2023-01-29
6225,2023-06-29
6226,2023-08-22
6227,2023-07-21
6228,2023-08-14
6229,2022-12-07
6230,2022-12-15
6231,2023-03-12
6232,2023-11-21
6233,2023-06-16
6234,2023-04-10
6235,2023-08-20
6236,2023-05-17
6237,2023-01-23
6238,2023-06-20
6239,2023-09-01
6240,2023-11-26
6241,2023-04-23
6242,2023-02-03
6243,2023-11-08
6244,2023-04-23
6245,2023-01-29
6246,2023-06-15
6247,2022-12-20
6248,2023-12-28
6249,2023-10-04
6250,2023-05-21
6251,2023-07-03
6252,2023-05-05
6253,2023-06-02
6254,2023-12-06
6255,2023-09-13
6256,2023-08-18
6257,2023-12-22
6258,2023-01-31
6259,2023-11-25
6260,2023-02-05
6261,2023-03-10
6262,2023-08-11
6263,2023-01-20
6264,2023-06-01
6265,2023-04-10
6266,2022-11-30
6267,2023-02-08
6268,2023-05-25
6269,2022-12-30
6270,2023-12-07
6271,2023-05-17
6272,2023-09-21
6273,2023-02-16
6274,2023-07-08
6275,2023-01-11
6276,2023-02-13
6277,2023-08-27
6278,2023-04-10
6279,2023-12-25
6280,2023-12-30
6281,2023-01-18
6282,2023-08-17
6283,2023-10-06
6284,2023-03-17
6285,2023-10-29
6286,2023-09-18
6287,2023-04-05
6288,2023-01-02
6289,2023-05-23
6290,2023-04-24
6291,2023-06-26
6292,2023-02-26
6293,2023-03-31
6294,2023-11-20
6295,2023-10-29
6296,2023-09-17
6297,2023-04-17
6298,2023-06-13
6299,2023-03-24
6300,2023-05-09
6301,2023-06-21
6302,2023-11-05
6303,2023-10-11
6304,2023-02-13
6305,2023-12-10
6306,2022-12-26
6307,2022-12-16
6308,2023-11-02
6309,2023-03-20
6310,2023-11-04
6311,2022-12-24
6312,2023-03-04
6313,2023-10-23
6314,2023-02-13
6315,2023-06-22
6316,2023-09-11
6317,2023-04-15
6318,2023-01-23
6319,2023-10-26
6320,2023-08-02
6321,2023-11-26
6322,2023-09-03
6323,2023-09-20
6324,2023-08-02
6325,2023-08-22
6326,2023-05-16
6327,2023-12-02
6328,2023-10-19
6329,2023-03-03
6330,2023-12-03
6331,2023-02-28
6332,2023-09-05
6333,2023-11-30
6334,2023-05-13
6335,2023-02-08
6336,2023-12-30
6337,2023-10-10
6338,2023-05-25
6339,2023-12-28
6340,2023-01-12
6341,2023-06-25
6342,2023-02-08
6343,2023-02-08
6344,2023-04-15
6345,2023-07-14
6346,2023-02-03
6347,2023-06-23
6348,2023-10-04
6349,2023-01-24
6350,2022-12-02
6351,2023-09-21
6352,2023-05-08
6353,2023-02-11
6354,2023-11-13
6355,2023-05-16
6356,2023-01-13
6357,2023-03-30
6358,2023-07-15
6359,2023-03-23
6360,2023-12-05
6361,2023-08-04
6362,2022-12-25
6363,2023-04-14
6364,2023-04-15
6365,2023-01-24
6366,2022-12-12
6367,2023-01-10
6368,2023-08-26
6369,2023-03-06
6370,2023-05-12
6371,2023-01-23
6372,2023-12-10
6373,2023-12-26
6374,2023-08-30
6375,2023-04-08
6376,2023-07-25
6377,2023-04-30
6378,2023-11-26
6379,2023-07-27
6380,2023-01-17
6381,2023-01-04
6382,2023-10-06
6383,2023-09-14
6384,2023-09-14
6385,2023-04-09
6386,2023-08-23
6387,2023-03-15
6388,2023-08-09
6389,2023-04-07
6390,2023-01-15
6391,2023-10-25
6392,2023-10-18
6393,2023-10-06
6394,2023-08-08
6395,2023-08-09
6396,2023-10-01
6397,2023-07-10
6398,2023-11-12
6399,2023-09-29
6400,2023-07-01
6401,2023-07-19
6402,2023-12-14
6403,2023-06-16
6404,2023-01-09
6405,2023-10-30
6406,2022-11-28
6407,2023-03-05
6408,2023-04-07
6409,2022-12-07
6410,2023-02-21
6411,2023-02-05
6412,2023-07-06
6413,2023-11-14
6414,2023-03-19
6415,2023-05-02
6416,2023-08-29
6417,2023-08-23
6418,2023-12-10
6419,2023-06-24
6420,2023-09-30
6421,2023-10-31
6422,2023-05-14
6423,2023-10-27
6424,2023-12-26
6425,2023-01-13
6426,2023-10-01
6427,2023-08-03
6428,2023-10-17
6429,2023-07-04
6430,2023-02-16
6431,2023-05-17
6432,2023-08-28
6433,2023-11-20
6434,2022-12-25
6435,2023-02-10
6436,2023-03-01
6437,2023-07-21
6438,2022-12-03
6439,2023-12-12
6440,2023-09-05
6441,2023-11-24
6442,2022-12-05
6443,2023-03-16
6444,2023-05-25
6445,2023-10-01
6446,2023-08-13
6447,2023-05-13
6448,2023-03-28
6449,2023-04-08
6450,2023-04-22
6451,2023-08-29
6452,2023-11-09
6453,2023-06-05
6454,2023-11-22
6455,2023-03-26
6456,2023-11-05
6457,2022-11-27
6458,2023-09-22
6459,2023-12-11
6460,2023-03-18
6461,2023-08-26
6462,2022-12-26
6463,2023-11-02
6464,2023-06-10
6465,2023-05-15
6466,2023-12-01
6467,2023-12-02
6468,2023-02-24
6469,2023-12-15
6470,2023-02-18
6471,2023-10-17
6472,2023-10-04
6473,2023-06-16
6474,2023-07-21
6475,2023-05-03
6476,2023-05-07
6477,2023-06-21
6478,2023-11-07
6479,2023-06-08
6480,2023-07-18
6481,2023-09-05
6482,2023-11-30
6483,2023-11-06
6484,2023-04-23
6485,2023-11-07
6486,2023-05-23
6487,2023-01-03
6488,2022-12-26
6489,2023-02-17
6490,2023-04-23
6491,2023-05-06
6492,2023-02-06
6493,2023-02-06
6494,2022-12-10
6495,2023-11-26
6496,2023-03-09
6497,2023-08-13
6498,2023-06-11
6499,2023-04-20
6500,2023-03-05
6501,2022-12-22
6502,2023-01-09
6503,2023-08-24
6504,2023-05-26
6505,2023-12-19
6506,2023-01-25
6507,2023-12-04
6508,2022-12-31
6509,2023-09-16
6510,2023-12-16
6511,2023-01-27
6512,2023-06-05
6513,2023-11-30
6514,2023-10-13
6515,2023-02-22
6516,2023-02-03
6517,2023-04-11
6518,2023-05-30
6519,2023-03-24
6520,2023-01-01
6521,2023-06-14
6522,2023-05-10
6523,2023-03-29
6524,2023-10-23
6525,2023-03-22
6526,2023-11-19
6527,2022-12-01
6528,2023-06-22
6529,2023-12-12
6530,2023-03-21
6531,2023-08-16
6532,2023-09-16
6533,2023-04-12
6534,2023-08-09
6535,2023-08-14
6536,2023-06-03
6537,2023-04-26
6538,2023-06-05
6539,2023-01-25
6540,2023-06-12
6541,2023-04-06
6542,2023-04-11
6543,2023-03-05
6544,2023-06-22
6545,2022-11-30
6546,2022-12-19
6547,2023-02-18
6548,2023-07-13
6549,2023-03-09
6550,2023-06-13
6551,2023-01-25
6552,2023-05-14
6553,2023-05-27
6554,2023-04-05
6555,2022-12-16
6556,2023-08-02
6557,2023-02-16
6558,2023-06-08
6559,2023-09-06
6560,2023-01-06
6561,2023-08-25
6562,2023-04-25
6563,2023-06-16
6564,2022-12-27
6565,2023-06-14
6566,2023-04-27
6567,2023-02-06
6568,2023-06-28
6569,2023-08-14
6570,2023-05-02
6571,2023-08-07
6572,2023-04-12
6573,2023-10-25
6574,2023-03-19
6575,2023-10-12
6576,2023-04-28
6577,2023-07-08
6578,2022-12-24
6579,2022-12-26
6580,2023-12-29
6581,2022-11-30
6582,2023-07-07
6583,2023-05-28
6584,2023-08-08
6585,2022-11-28
6586,2023-02-08
6587,2023-04-11
6588,2023-12-01
6589,2023-04-15
6590,2023-07-13
6591,2023-07-14
6592,2023-05-11
6593,2023-10-24
6594,2023-09-08
6595,2023-05-23
6596,2023-03-28
6597,2023-03-18
6598,2023-12-05
6599,2023-01-16
6600,2023-02-02
6601,2023-03-11
6602,2023-10-26
6603,2023-08-29
6604,2023-12-18
6605,2023-09-11
6606,2023-06-11
6607,2022-12-13
6608,2023-11-12
6609,2023-08-21
6610,2022-12-25
6611,2023-12-20
6612,2023-08-02
6613,2023-08-01
6614,2023-04-18
6615,2023-04-08
6616,2023-04-21
6617,2022-12-17
6618,2023-05-26
6619,2022-12-21
6620,2023-07-23
6621,2023-02-17
6622,2023-07-31
6623,2023-04-25
6624,2023-03-18
6625,2023-01-23
6626,2023-04-29
6627,2022-12-24
6628,2023-03-06
6629,2023-05-31
6630,2023-08-07
6631,2023-05-29
6632,2023-01-06
6633,2023-09-11
6634,2023-05-15
6635,2023-08-04
6636,2023-12-23
6637,2022-12-16
6638,2023-12-27
6639,2023-12-12
6640,2023-06-22
6641,2022-12-07
6642,2023-03-05
6643,2023-02-25
6644,2023-07-18
6645,2023-08-30
6646,2023-06-10
6647,2023-04-18
6648,2022-12-13
6649,2023-12-07
6650,2023-12-27
6651,2022-12-10
6652,2023-04-06
6653,2023-12-25
6654,2023-05-05
6655,2023-08-03
6656,2023-06-20
6657,2023-08-07
6658,2023-11-14
6659,2023-04-27
6660,2023-10-12
6661,2023-05-28
6662,2023-02-17
6663,2022-12-26
6664,2023-09-09
6665,2023-07-26
6666,2023-11-11
6667,2023-03-01
6668,2023-09-08
6669,2022-12-06
6670,2023-01-21
6671,2023-07-22
6672,2023-06-30
6673,2023-07-21
6674,2023-10-28
6675,2023-10-26
6676,2023-02-13
6677,2023-02-16
6678,2023-06-30
6679,2023-12-14
6680,2023-08-21
6681,2023-01-24
6682,2023-08-08
6683,2023-04-11
6684,2023-01-08
6685,2023-09-07
6686,2023-03-17
6687,2023-10-03
6688,2023-07-05
6689,2023-05-24
6690,2023-02-18
6691,2023-03-23
6692,2023-04-09
6693,2023-08-31
6694,2023-05-12
6695,2022-12-10
6696,2022-12-02
6697,2023-03-16
6698,2023-06-19
6699,2023-04-09
6700,2023-12-29
6701,2023-02-27
6702,2023-05-09
6703,2023-05-05
6704,2023-03-16
6705,2023-11-15
6706,2023-03-08
6707,2022-12-01
6708,2023-06-21
6709,2023-08-07
6710,2023-05-28
6711,2023-05-14
6712,2023-11-06
6713,2023-04-25
6714,2023-08-09
6715,2023-10-27
6716,2023-05-05
6717,2023-07-01
6718,2023-04-30
6719,2023-07-30
6720,2023-07-03
6721,2023-11-02
6722,2023-03-08
6723,2023-01-30
6724,2023-05-15
6725,2023-07-29
6726,2023-03-21
6727,2023-12-31
6728,2023-06-21
6729,2023-10-17
6730,2023-07-03
6731,2023-05-03
6732,2023-10-31
6733,2023-01-29
6734,2023-03-07
6735,2023-09-29
6736,2023-11-23
6737,2023-03-23
6738,2023-06-29
6739,2023-06-09
6740,2023-09-13
6741,2023-06-14
6742,2023-07-29
6743,2023-08-21
6744,2023-10-24
6745,2023-01-21
6746,2023-08-19
6747,2023-02-07
6748,2022-12-01
6749,2023-09-09
6750,2023-05-02
6751,2023-09-09
6752,2023-12-07
6753,2023-01-17
6754,2023-05-26
6755,2023-01-05
6756,2023-10-24
6757,2023-12-31
6758,2023-11-09
6759,2023-12-29
6760,2023-04-09
6761,2023-03-18
6762,2023-11-05
6763,2023-08-14
6764,2023-04-26
6765,2023-02-19
6766,2022-12-07
6767,2022-12-12
6768,2023-08-31
6769,2023-03-12
6770,2023-10-21
6771,2023-10-31
6772,2023-05-26
6773,2023-03-26
6774,2023-02-04
6775,2023-03-09
6776,2023-07-31
6777,2023-09-25
6778,2023-09-18
6779,2023-12-15
6780,2023-08-15
6781,2023-06-18
6782,2023-04-18
6783,2023-04-10
6784,2023-04-23
6785,2023-11-13
6786,2023-07-04
6787,2023-02-23
6788,2023-02-12
6789,2022-12-08
6790,2023-10-31
6791,2023-02-22
6792,2023-01-06
6793,2023-03-22
6794,2023-06-09
6795,2023-12-15
6796,2023-11-05
6797,2023-02-03
6798,2023-06-26
6799,2023-10-22
6800,2023-09-27
6801,2023-06-02
6802,2023-03-02
6803,2023-10-07
6804,2023-05-24
6805,2023-03-01
6806,2023-09-08
6807,2023-11-15
6808,2023-11-17
6809,2023-12-06
6810,2023-08-11
6811,2023-09-30
6812,2023-03-04
6813,2023-04-05
6814,2023-01-24
6815,2022-12-29
6816,2023-10-29
6817,2023-05-28
6818,2023-07-06
6819,2022-12-31
6820,2023-02-08
6821,2022-12-27
6822,2023-06-09
6823,2023-07-17
6824,2023-01-16
6825,2023-09-06
6826,2023-01-08
6827,2023-10-28
6828,2023-11-29
6829,2023-08-10
6830,2023-07-02
6831,2023-09-15
6832,2023-03-06
6833,2023-11-30
6834,2023-11-14
6835,2023-09-01
6836,2023-12-31
6837,2023-03-28
6838,2023-11-15
6839,2022-12-10
6840,2023-09-22
6841,2023-03-22
6842,2023-12-16
6843,2023-07-11
6844,2023-02-13
6845,2023-04-01
6846,2023-11-13
6847,2023-10-14
6848,2023-04-19
6849,2023-03-12
6850,2022-12-09
6851,2023-01-15
6852,2022-12-09
6853,2023-04-07
6854,2023-02-10
6855,2022-12-05
6856,2023-10-04
6857,2023-11-13
6858,2023-11-20
6859,2023-10-27
6860,2023-01-17
6861,2023-01-31
6862,2023-10-31
6863,2022-12-03
6864,2023-09-25
6865,2023-01-16
6866,2022-12-17
6867,2023-10-05
6868,2023-09-15
6869,2022-12-31
6870,2022-12-12
6871,2023-11-15
6872,2023-03-12
6873,2023-12-19
6874,2023-06-27
6875,2023-12-23
6876,2023-11-25
6877,2023-07-31
6878,2023-01-08
6879,2023-11-20
6880,2023-04-15
6881,2023-03-07
6882,2023-07-15
6883,2023-04-18
6884,2023-09-19
6885,2023-03-12
6886,2023-11-28
6887,2023-01-05
6888,2023-06-02
6889,2023-12-16
6890,2023-10-29
6891,2023-10-21
6892,2023-07-31
6893,2023-07-12
6894,2023-02-16
6895,2023-03-26
6896,2023-07-16
6897,2023-03-29
6898,2023-04-01
6899,2023-08-25
6900,2023-09-04
6901,2023-06-13
6902,2023-03-20
6903,2023-02-05
6904,2023-03-12
6905,2023-04-07
6906,2023-12-10
6907,2023-04-05
6908,2023-11-25
6909,2023-06-30
6910,2023-05-26
6911,2023-03-14
6912,2023-09-29
6913,2023-10-30
6914,2023-12-24
6915,2023-10-21
6916,2023-01-01
6917,2023-11-13
6918,2023-07-27
6919,2023-06-20
6920,2023-03-08
6921,2023-06-17
6922,2023-10-13
6923,2023-07-20
6924,2023-01-06
6925,2023-09-25
6926,2023-10-08
6927,2023-08-22
6928,2023-02-15
6929,2023-03-25
6930,2023-05-28
6931,2023-11-09
6932,2023-10-18
6933,2023-01-04
6934,2022-12-23
6935,2022-12-16
6936,2023-12-03
6937,2023-11-07
6938,2023-02-21
6939,2023-11-28
6940,2023-06-15
6941,2023-04-01
6942,2023-09-16
6943,2022-12-24
6944,2023-01-15
6945,2023-03-09
6946,2023-07-28
6947,2023-10-28
6948,2023-06-21
6949,2023-05-21
6950,2023-07-19
6951,2022-12-01
6952,2023-08-18
6953,2023-10-14
6954,2023-05-14
6955,2023-08-13
6956,2023-03-26
6957,2023-12-06
6958,2023-02-08
6959,2023-01-21
6960,2023-12-07
6961,2023-06-17
6962,2023-05-06
6963,2023-10-19
6964,2023-03-19
6965,2023-03-25
6966,2022-12-18
6967,2023-06-22
6968,2023-09-23
6969,2023-12-26
6970,2023-06-26
6971,2022-12-26
6972,2023-02-11
6973,2023-03-19
6974,2023-11-19
6975,2023-07-17
6976,2023-12-05
6977,2023-10-30
6978,2023-11-14
6979,2023-03-18
6980,2023-07-09
6981,2022-12-21
6982,2023-04-25
6983,2023-04-01
6984,2023-01-30
6985,2022-12-21
6986,2023-04-26
6987,2022-12-25
6988,2023-07-29
6989,2023-03-17
6990,2023-02-25
6991,2023-01-10
6992,2023-05-31
6993,2023-02-02
6994,2023-07-14
6995,2023-12-26
6996,2023-09-15
6997,2023-01-12
6998,2023-01-02
6999,2023-11-12
7000,2023-11-08
7001,2023-04-21
7002,2023-05-28
7003,2023-04-26
7004,2023-07-17
7005,2023-02-18
7006,2023-12-08
7007,2023-05-07
7008,2023-02-02
7009,2023-03-27
7010,2023-11-15
7011,2023-03-22
7012,2023-10-14
7013,2023-09-29
7014,2023-12-29
7015,2023-01-27
7016,2023-05-03
7017,2023-10-29
7018,2023-01-16
7019,2022-12-10
7020,2022-12-02
7021,2022-12-29
7022,2023-10-10
7023,2023-04-15
7024,2023-01-20
7025,2023-09-04
7026,2023-03-29
7027,2023-01-21
7028,2023-12-26
7029,2023-07-18
7030,2023-05-22
7031,2023-11-30
7032,2023-02-27
7033,2023-07-20
7034,2023-09-24
7035,2022-11-29
7036,2023-03-15
7037,2023-01-04
7038,2023-06-27
7039,2023-08-26
7040,2023-01-28
7041,2023-01-22
7042,2023-05-30
7043,2023-05-04
7044,2023-01-09
7045,2023-08-26
7046,2023-10-02
7047,2023-05-17
7048,2023-04-22
7049,2023-01-30
7050,2023-04-03
7051,2023-06-17
7052,2023-12-29
7053,2023-02-09
7054,2023-10-24
7055,2023-06-15
7056,2023-07-06
7057,2023-03-27
7058,2023-12-09
7059,2022-12-22
7060,2023-02-19
7061,2023-04-02
7062,2023-07-14
7063,2023-05-15
7064,2023-12-03
7065,2023-02-08
7066,2023-07-12
7067,2023-06-08
7068,2023-03-30
7069,2022-12-06
7070,2023-10-17
7071,2023-02-15
7072,2023-01-21
7073,2023-07-13
7074,2023-01-26
7075,2023-08-09
7076,2023-09-15
7077,2023-02-26
7078,2022-12-24
7079,2023-01-04
7080,2022-12-17
7081,2023-06-08
7082,2023-04-27
7083,2023-10-04
7084,2023-05-05
7085,2023-08-14
7086,2023-06-02
7087,2023-05-17
7088,2023-09-19
7089,2023-06-18
7090,2023-07-12
7091,2023-05-26
7092,2023-09-08
7093,2023-03-28
7094,2022-12-16
7095,2023-05-15
7096,2023-04-02
7097,2023-11-20
7098,2023-12-18
7099,2023-02-22
7100,2023-05-17
7101,2023-05-18
7102,2023-02-23
7103,2022-11-30
7104,2023-12-28
7105,2023-08-14
7106,2023-05-10
7107,2023-02-08
7108,2023-06-06
7109,2023-03-15
7110,2023-02-24
7111,2023-12-15
7112,2023-08-16
7113,2023-03-30
7114,2023-02-17
7115,2023-09-30
7116,2023-07-28
7117,2023-11-03
7118,2023-09-25
7119,2023-05-06
7120,2023-08-14
7121,2023-04-28
7122,2023-01-02
7123,2022-12-09
7124,2022-12-28
7125,2023-11-29
7126,2023-10-29
7127,2023-05-02
7128,2023-11-23
7129,2023-09-17
7130,2023-01-20
7131,2023-02-25
7132,2023-04-26
7133,2023-10-14
7134,2023-08-15
7135,2023-05-03
7136,2023-10-27
7137,2023-04-06
7138,2023-11-25
7139,2023-09-11
7140,2023-09-02
7141,2023-01-01
7142,2023-01-24
7143,2023-12-25
7144,2023-09-30
7145,2023-03-09
7146,2023-11-05
7147,2023-03-30
7148,2023-04-16
7149,2023-03-28
7150,2023-06-12
7151,2023-09-27
7152,2023-02-01
7153,2023-12-18
7154,2023-03-28
7155,2023-12-19
7156,2023-11-09
7157,2023-07-04
7158,2023-01-01
7159,2023-07-14
7160,2023-09-27
7161,2023-12-24
7162,2023-01-05
7163,2023-09-20
7164,2023-03-24
7165,2023-09-22
7166,2023-07-17
7167,2023-11-08
7168,2022-11-28
7169,2023-06-17
7170,2023-08-24
7171,2023-04-27
7172,2023-04-02
7173,2023-04-06
7174,2023-09-22
7175,2023-02-18
7176,2023-12-22
7177,2023-02-18
7178,2023-05-12
7179,2023-12-29
7180,2022-12-08
7181,2023-04-10
7182,2023-11-01
7183,2023-04-02
7184,2023-03-16
7185,2022-11-27
7186,2023-01-25
7187,2023-02-13
7188,2023-11-13
7189,2023-07-03
7190,2023-02-28
7191,2023-10-16
7192,2023-07-27
7193,2023-04-02
7194,2023-03-08
7195,2023-02-23
7196,2023-09-07
7197,2023-09-09
7198,2023-08-13
7199,2023-05-24
7200,2023-06-18
7201,2023-11-21
7202,2023-07-07
7203,2023-07-30
7204,2023-02-25
7205,2023-05-28
7206,2022-12-05
7207,2023-05-30
7208,2023-10-13
7209,2023-08-22
7210,2023-11-17
7211,2023-04-12
7212,2023-10-04
7213,2023-09-15
7214,2023-09-06
7215,2023-10-12
7216,2023-06-03
7217,2023-04-12
7218,2023-07-18
7219,2023-04-29
7220,2023-08-30
7221,2023-11-08
7222,2022-12-07
7223,2023-08-02
7224,2023-05-15
7225,2023-01-07
7226,2023-02-24
7227,2023-10-23
7228,2023-04-21
7229,2022-12-31
7230,2023-09-22
7231,2023-03-01
7232,2023-04-21
7233,2023-02-13
7234,2023-09-18
7235,2023-11-29
7236,2023-12-20
7237,2022-12-26
7238,2023-12-01
7239,2023-08-07
7240,2023-10-24
7241,2022-12-27
7242,2023-11-03
7243,2023-04-07
7244,2023-05-03
7245,2023-11-20
7246,2023-09-15
7247,2023-06-19
7248,2023-08-20
7249,2023-04-18
7250,2023-12-25
7251,2022-12-24
7252,2023-07-14
7253,2022-12-14
7254,2023-05-17
7255,2023-06-18
7256,2023-10-27
7257,2023-12-07
7258,2023-09-22
7259,2023-12-17
7260,2023-01-15
7261,2023-06-25
7262,2023-07-23
7263,2022-12-27
7264,2023-07-21
7265,2022-12-14
7266,2023-08-06
7267,2023-02-23
7268,2023-12-08
7269,2023-04-06
7270,2023-07-25
7271,2023-07-28
7272,2023-11-10
7273,2023-04-10
7274,2023-04-19
7275,2023-08-27
7276,2022-12-19
7277,2023-07-06
7278,2023-04-26
7279,2023-12-23
7280,2023-06-28
7281,2023-10-01
7282,2023-10-26
7283,2023-01-24
7284,2023-08-06
7285,2023-08-25
7286,2023-05-22
7287,2023-02-14
7288,2023-05-30
7289,2022-12-17
7290,2023-12-30
7291,2023-01-01
7292,2023-01-22
7293,2023-01-20
7294,2023-02-17
7295,2023-02-08
7296,2023-08-04
7297,2023-01-10
7298,2023-09-03
7299,2023-05-09
7300,2023-05-03
7301,2023-06-18
7302,2022-12-09
7303,2023-06-15
7304,2023-06-23
7305,2023-09-22
7306,2023-01-23
7307,2022-12-17
7308,2022-12-19
7309,2023-12-15
7310,2023-04-13
7311,2023-03-01
7312,2023-01-20
7313,2023-03-09
7314,2023-05-21
7315,2023-12-19
7316,2023-09-27
7317,2023-11-02
7318,2022-12-15
7319,2023-07-14
7320,2023-06-14
7321,2023-02-13
7322,2023-06-13
7323,2023-07-18
7324,2022-11-27
7325,2023-12-24
7326,2023-09-18
7327,2023-12-02
7328,2023-01-01
7329,2022-12-21
7330,2023-12-04
7331,2023-12-05
7332,2023-08-09
7333,2023-02-15
7334,2023-03-22
7335,2023-10-10
7336,2023-12-02
7337,2023-08-22
7338,2023-05-06
7339,2023-10-21
7340,2023-03-11
7341,2023-01-17
7342,2023-04-29
7343,2023-06-02
7344,2023-07-29
7345,2023-08-29
7346,2023-09-12
7347,2023-02-16
7348,2023-08-18
7349,2022-12-14
7350,2023-11-30
7351,2023-05-22
7352,2023-12-14
7353,2023-11-09
7354,2023-02-13
7355,2023-01-10
7356,2023-11-27
7357,2023-06-11
7358,2023-01-08
7359,2023-07-28
7360,2023-12-14
7361,2023-07-25
7362,2023-03-10
7363,2023-04-10
7364,2023-03-13
7365,2023-06-30
7366,2023-05-14
7367,2023-04-13
7368,2023-02-07
7369,2022-12-08
7370,2023-10-24
7371,2023-10-14
7372,2023-01-15
7373,2023-02-26
7374,2023-05-21
7375,2023-07-23
7376,2023-11-24
7377,2023-09-01
7378,2023-08-08
7379,2023-09-20
7380,2023-07-27
7381,2023-12-03
7382,2023-12-29
7383,2023-05-26
7384,2022-12-06
7385,2023-12-29
7386,2023-04-03
7387,2023-03-14
7388,2023-01-16
7389,2023-09-27
7390,2023-02-08
7391,2023-12-17
7392,2023-02-21
7393,2022-12-25
7394,2023-08-04
7395,2023-02-17
7396,2023-03-15
7397,2023-01-08
7398,2023-08-19
7399,2023-02-23
7400,2023-09-18
7401,2023-03-10
7402,2023-05-06
7403,2023-06-11
7404,2023-06-29
7405,2023-10-24
7406,2023-01-18
7407,2023-02-26
7408,2023-09-24
7409,2023-11-04
7410,2023-05-13
7411,2022-11-29
7412,2023-10-26
7413,2023-07-29
7414,2023-06-25
7415,2023-05-01
7416,2023-09-01
7417,2023-03-22
7418,2023-04-19
7419,2023-09-30
7420,2023-04-24
7421,2023-12-10
7422,2023-05-20
7423,2023-07-09
7424,2023-08-08
7425,2023-09-02
7426,2023-06-17
7427,2023-04-21
7428,2023-10-14
7429,2023-09-09
7430,2022-12-18
7431,2023-08-04
7432,2023-11-22
7433,2023-07-08
7434,2023-12-02
7435,2023-05-02
7436,2023-03-04
7437,2023-06-14
7438,2023-01-06
7439,2022-12-22
7440,2023-07-13
7441,2022-12-08
7442,2022-12-22
7443,2023-05-28
7444,2023-02-26
7445,2023-02-06
7446,2023-06-18
7447,2023-04-07
7448,2023-07-30
7449,2023-05-16
7450,2023-02-12
7451,2023-09-04
7452,2023-12-05
7453,2023-09-13
7454,2023-02-07
7455,2023-07-08
7456,2023-01-27
7457,2022-12-07
7458,2023-01-30
7459,2023-10-16
7460,2023-12-03
7461,2023-07-23
7462,2023-11-13
7463,2023-05-09
7464,2022-12-10
7465,2023-11-23
7466,2023-09-13
7467,2023-08-17
7468,2022-12-26
7469,2023-12-17
7470,2022-12-27
7471,2022-12-03
7472,2022-12-27
7473,2023-12-08
7474,2023-10-24
7475,2023-01-11
7476,2023-05-16
7477,2023-06-26
7478,2023-07-07
7479,2023-02-15
7480,2022-12-09
7481,2022-12-09
7482,2023-11-22
7483,2023-08-02
7484,2023-12-24
7485,2023-11-06
7486,2023-03-01
7487,2023-01-01
7488,2023-08-16
7489,2023-02-24
7490,2023-08-25
7491,2023-12-19
7492,2023-12-18
7493,2023-03-07
7494,2023-06-08
7495,2023-09-05
7496,2023-03-02
7497,2023-07-10
7498,2023-04-20
7499,2023-07-14
7500,2023-08-09
7501,2023-11-12
7502,2023-06-03
7503,2023-03-21
7504,2022-12-28
7505,2023-09-02
7506,2023-10-15
7507,2023-05-10
7508,2023-11-07
7509,2023-06-04
7510,2023-06-06
7511,2022-12-15
7512,2023-06-24
7513,2023-07-22
7514,2023-06-11
7515,2023-06-30
7516,2023-06-26
7517,2023-09-02
7518,2023-01-07
7519,2023-06-27
7520,2023-05-19
7521,2023-04-14
7522,2023-05-25
7523,2023-08-25
7524,2023-12-31
7525,2023-02-23
7526,2022-12-16
7527,2023-04-15
7528,2023-03-31
7529,2022-12-24
7530,2023-06-13
7531,2023-06-22
7532,2023-10-31
7533,2023-09-02
7534,2023-05-30
7535,2023-08-17
7536,2023-03-23
7537,2023-01-28
7538,2023-06-29
7539,2023-06-13
7540,2023-03-25
7541,2023-11-21
7542,2023-07-04
7543,2023-07-12
7544,2023-08-29
7545,2023-03-23
7546,2023-06-27
7547,2023-11-20
7548,2023-07-28
7549,2023-11-02
7550,2022-12-12
7551,2023-09-11
7552,2023-08-17
7553,2023-11-21
7554,2023-12-19
7555,2023-01-21
7556,2023-06-11
7557,2023-12-05
7558,2023-10-14
7559,2023-01-06
7560,2023-07-04
7561,2023-04-15
7562,2023-09-04
7563,2023-06-20
7564,2023-03-30
7565,2023-05-12
7566,2023-12-18
7567,2023-04-22
7568,2023-02-21
7569,2023-01-10
7570,2023-01-29
7571,2022-12-18
7572,2022-12-15
7573,2023-06-28
7574,2023-07-01
7575,2023-10-11
7576,2023-08-01
7577,2023-02-11
7578,2023-08-13
7579,2023-05-23
7580,2023-02-03
7581,2023-08-14
7582,2023-08-14
7583,2023-05-15
7584,2023-02-01
7585,2022-12-08
7586,2023-09-24
7587,2023-01-28
7588,2023-03-17
7589,2023-08-24
7590,2023-05-14
7591,2023-10-21
7592,2023-04-22
7593,2023-11-18
7594,2023-04-23
7595,2022-12-30
7596,2023-09-11
7597,2023-08-18
7598,2023-12-31
7599,2023-01-05
7600,2023-06-25
7601,2023-09-06
7602,2023-05-06
7603,2023-03-11
7604,2023-03-24
7605,2022-12-01
7606,2023-08-03
7607,2023-10-04
7608,2023-05-26
7609,2022-12-12
7610,2023-10-02
7611,2023-11-25
7612,2023-07-27
7613,2022-12-31
7614,2023-05-10
7615,2023-07-12
7616,2023-12-13
7617,2023-06-14
7618,2022-12-01
7619,2023-09-04
7620,2023-08-29
7621,2023-03-01
7622,2023-05-10
7623,2022-12-14
7624,2023-01-14
7625,2023-03-31
7626,2023-01-03
7627,2023-03-17
7628,2023-08-13
7629,2023-04-29
7630,2023-01-25
7631,2023-08-03
7632,2023-11-04
7633,2023-07-21
7634,2023-03-31
7635,2023-10-15
7636,2023-04-13
7637,2022-12-03
7638,2023-08-18
7639,2023-09-10
7640,2023-02-23
7641,2023-04-26
7642,2022-11-29
7643,2023-06-02
7644,2023-05-24
7645,2023-03-10
7646,2023-06-26
7647,2023-08-25
7648,2023-05-24
7649,2023-10-11
7650,2023-05-29
7651,2023-05-09
7652,2023-08-20
7653,2023-02-03
7654,2023-10-31
7655,2023-07-26
7656,2023-04-22
7657,2023-02-28
7658,2023-10-09
7659,2022-12-02
7660,2022-12-22
7661,2023-07-28
7662,2023-06-07
7663,2023-02-03
7664,2023-04-26
7665,2023-10-06
7666,2023-06-01
7667,2023-06-26
7668,2023-01-02
7669,2023-09-11
7670,2023-01-21
7671,2023-02-28
7672,2023-03-24
7673,2023-05-18
7674,2023-03-16
7675,2023-10-19
7676,2023-04-30
7677,2022-12-11
7678,2023-05-28
7679,2023-01-15
7680,2023-02-23
7681,2023-07-21
7682,2023-08-01
7683,2023-08-20
7684,2023-04-26
7685,2023-10-28
7686,2022-12-21
7687,2023-04-27
7688,2023-03-04
7689,2022-12-13
7690,2023-07-09
7691,2022-12-19
7692,2023-07-27
7693,2023-11-03
7694,2023-10-12
7695,2023-08-26
7696,2023-03-05
7697,2023-08-15
7698,2023-07-09
7699,2023-06-12
7700,2023-06-05
7701,2023-01-22
7702,2023-11-01
7703,2023-10-27
7704,2023-09-14
7705,2023-07-04
7706,2023-01-18
7707,2023-08-07
7708,2023-12-15
7709,2023-01-19
7710,2023-04-18
7711,2023-11-24
7712,2023-12-13
7713,2023-05-24
7714,2023-03-21
7715,2023-03-21
7716,2023-06-02
7717,2023-04-03
7718,2023-07-05
7719,2022-12-28
7720,2022-12-22
7721,2022-11-28
7722,2023-09-09
7723,2023-12-01
7724,2023-01-07
7725,2023-11-27
7726,2023-01-31
7727,2022-12-16
7728,2023-03-23
7729,2023-03-24
7730,2023-12-16
7731,2023-01-11
7732,2023-12-21
7733,2023-11-06
7734,2023-06-10
7735,2023-08-23
7736,2023-06-28
7737,2023-11-26
7738,2023-02-19
7739,2023-12-14
7740,2023-05-13
7741,2023-12-04
7742,2023-12-25
7743,2023-11-01
7744,2023-10-09
7745,2023-05-19
7746,2023-09-01
7747,2023-03-04
7748,2023-03-18
7749,2023-09-19
7750,2023-09-28
7751,2023-03-11
7752,2023-12-18
7753,2023-08-26
7754,2023-12-27
7755,2023-06-06
7756,2023-07-24
7757,2023-08-14
7758,2023-01-30
7759,2023-03-18
7760,2023-12-17
7761,2023-08-23
7762,2023-07-01
7763,2022-11-28
7764,2022-12-12
7765,2023-07-07
7766,2022-12-29
7767,2023-01-22
7768,2023-07-15
7769,2023-12-16
7770,2023-10-27
7771,2023-06-01
7772,2023-12-08
7773,2023-07-27
7774,2023-12-09
7775,2023-03-02
7776,2023-07-16
7777,2023-11-30
7778,2023-12-24
7779,2023-11-06
7780,2023-01-25
7781,2023-08-01
7782,2023-01-03
7783,2023-04-29
7784,2022-12-09
7785,2023-09-26
7786,2023-10-02
7787,2023-01-02
7788,2023-11-28
7789,2023-10-28
7790,2023-10-28
7791,2023-05-24
7792,2023-12-07
7793,2023-12-25
7794,2023-07-04
7795,2023-04-27
7796,2023-09-28
7797,2022-12-14
7798,2023-04-10
7799,2022-11-28
7800,2023-09-29
7801,2022-12-14
7802,2023-09-24
7803,2023-07-11
7804,2023-05-20
7805,2023-08-06
7806,2022-12-14
7807,2023-10-17
7808,2023-03-13
7809,2023-10-30
7810,2023-11-16
7811,2023-07-05
7812,2023-07-19
7813,2023-12-01
7814,2023-05-08
7815,2023-05-05
7816,2023-12-10
7817,2023-05-07
7818,2023-04-22
7819,2022-11-29
7820,2023-04-07
7821,2023-03-06
7822,2023-10-01
7823,2023-06-15
7824,2023-04-18
7825,2023-12-05
7826,2023-05-24
7827,2023-05-12
7828,2023-09-11
7829,2023-03-11
7830,2023-05-18
7831,2023-09-05
7832,2023-04-04
7833,2023-05-17
7834,2022-12-03
7835,2023-10-10
7836,2023-11-06
7837,2023-08-21
7838,2023-06-25
7839,2023-11-19
7840,2023-11-02
7841,2023-06-02
7842,2023-08-01
7843,2023-12-07
7844,2023-02-15
7845,2023-10-04
7846,2023-04-21
7847,2023-01-03
7848,2023-05-12
7849,2023-06-22
7850,2023-09-18
7851,2023-01-26
7852,2023-07-04
7853,2023-08-18
7854,2023-08-08
7855,2023-10-25
7856,2023-09-24
7857,2023-06-01
7858,2023-03-16
7859,2023-11-14
7860,2023-11-14
7861,2023-01-17
7862,2023-05-27
7863,2023-09-23
7864,2023-08-18
7865,2023-11-11
7866,2023-02-22
7867,2023-12-08
7868,2023-02-28
7869,2023-01-04
7870,2023-09-16
7871,2023-12-03
7872,2023-04-16
7873,2023-01-29
7874,2023-11-12
7875,2023-01-04
7876,2023-08-19
7877,2023-01-16
7878,2023-08-20
7879,2023-01-11
7880,2023-04-28
7881,2023-05-31
7882,2023-11-23
7883,2023-09-07
7884,2023-12-09
7885,2023-06-30
7886,2023-03-10
7887,2023-05-15
7888,2023-06-20
7889,2023-07-10
7890,2023-11-24
7891,2023-11-20
7892,2023-01-06
7893,2023-10-10
7894,2023-03-26
7895,2023-07-20
7896,2023-12-13
7897,2023-11-14
7898,2023-06-08
7899,2022-12-15
7900,2023-12-12
7901,2023-11-24
7902,2023-04-28
7903,2023-01-20
7904,2023-06-25
7905,2023-10-13
7906,2023-05-27
7907,2022-12-05
7908,2023-05-28
7909,2023-06-20
7910,2023-11-29
7911,2023-10-16
7912,2023-08-31
7913,2023-05-07
7914,2023-12-10
7915,2023-02-27
7916,2023-04-07
7917,2023-10-31
7918,2023-12-29
7919,2023-10-18
7920,2023-09-06
7921,2023-12-07
7922,2023-01-18
7923,2023-08-21
7924,2023-05-11
7925,2023-07-24
7926,2023-03-06
7927,2023-06-10
7928,2023-03-01
7929,2023-08-11
7930,2023-12-03
7931,2022-12-20
7932,2023-12-15
7933,2023-08-17
7934,2022-12-02
7935,2023-07-16
7936,2023-01-21
7937,2023-10-14
7938,2023-03-18
7939,2022-12-19
7940,2023-11-01
7941,2023-06-29
7942,2023-07-29
7943,2023-10-25
7944,2023-07-11
7945,2023-10-11
7946,2023-07-24
7947,2022-12-08
7948,2023-12-12
7949,2023-12-15
7950,2023-03-17
7951,2023-08-14
7952,2023-01-15
7953,2023-03-20
7954,2023-07-28
7955,2023-04-15
7956,2023-12-19
7957,2022-12-28
7958,2023-09-07
7959,2023-07-30
7960,2023-11-18
7961,2023-10-16
7962,2023-11-20
7963,2023-10-10
7964,2023-02-22
7965,2023-05-15
7966,2023-08-28
7967,2023-12-31
7968,2023-11-06
7969,2023-08-13
7970,2023-01-06
7971,2023-05-14
7972,2023-08-14
7973,2023-10-01
7974,2023-03-15
7975,2023-06-01
7976,2023-10-21
7977,2023-10-26
7978,2023-02-24
7979,2023-03-08
7980,2023-04-25
7981,2023-08-11
7982,2023-08-24
7983,2023-09-26
7984,2023-07-07
7985,2023-11-29
7986,2023-01-13
7987,2023-06-24
7988,2023-02-25
7989,2023-06-30
7990,2023-11-16
7991,2023-11-16
7992,2023-12-27
7993,2023-06-10
7994,2023-08-31
7995,2023-06-05
7996,2022-11-30
7997,2023-03-20
7998,2023-09-20
7999,2022-12-18
8000,2023-08-11
